,별점,주문메뉴,리뷰,사진
0,4,['마늘족발'],깔끔한포장에 맛있었어요:)근데 어떤분들은 양이좀작은거같다할거같네요:)자주주문해먹을거같아용:),[]
1,3,[],매탄,[]
2,5,['반반세트（마늘보쌈＋족발）中'],"여기 진짜 맛있네요-! 손님들와서 주문해봤는데 고기 야채 김치 막국수 다 푸짐하게오고, 손님들도 진짜 맛있다고 잘먹어줘서 뿌듯했어요. 다음에 또 이용할께요~^^","['https://rev-static.yogiyo.co.kr/3edfb7e5329b74984d6a0e3bdf2d3c4b_tn.jpg', 'https://rev-static.yogiyo.co.kr/885e0fb6ad8d229419c4667b2d668d05_tn.jpg', 'https://rev-static.yogiyo.co.kr/220fe778fb8ec5ece5cdcbbfe5c137fd_tn.jpg']"
3,5,['마늘족발'],마늘족발은  첨인데 맛있네요.담부턴  이것만 시킬듯..^^,[]
4,5,['마늘보쌈 '],맛있게잘먹었습니다^^,[]
5,3,['마늘족발'],마늘.고추 더 넣어달라고했는데.. 안주시네.젓가락은 원래 안줬던가? 안보이고..전엔 국물작은것도 줬었는데 이번엔 그것도 없고..ㅠ ㅠ,[]
6,4,['반반세트（마늘보쌈＋족발）小'],맛있네요! 특히 막국수가 맛있어욬ㅋㅋㅋㅋㅋㅋㅋ근데 원래 보쌈이 저렇게 물?에 담겨서 오는건가요?마늘이 다 흩어지고 맛도 잘 안나서ㅠㅠㅠㅠㅠㅠ,"['https://rev-static.yogiyo.co.kr/59f15598da77336a02c689945733b1f0_tn.jpg', 'https://rev-static.yogiyo.co.kr/83e715a3d360e47f7277afcfc3f89fb1_tn.jpg']"
7,5,[],진짜 맛있었어욤 ㅎㅅㅎ ㅋㅋ,[]
8,4,[],첨 먹어봤는데 일단 맛은있어요소복히 덮힌 마늘이  알싸하지않고 달큰한게누린내없이 부드럽게 고기맛을 살리네요근데 고기가 너무커서 잘라먹어야 했어요남자들은 커서 좋아할라나? 잘 모르겠지만여자는 한입크기가 절대 넘쳐요,[]
9,5,['보쌈'],믿고시켜도  될듯,[]
10,1,"['마늘족발', '쟁반막국수']",여긴 원래 다식은것가져다주나요??막국수는 맛있는데 족발이 차서 맛이.. 국물도 이건 냉국인가..,['https://rev-static.yogiyo.co.kr/ceb2f97fdb8da77b02a32bdfac533337_tn.jpg']
11,5,"['불족발', '사이즈 선택(小)']",불족발 너무맛있어요^ㅡ^,['https://rev-static.yogiyo.co.kr/009838ae7f1876be7247dba459c0dc82_tn.jpg']
12,5,[],마늘보쌈 진짜 레알 맛있어요!!!,[]
13,1,"['반반세트（보쌈＋족발）小', '족발 변경(선택 안함)']",ㅋㅋㅋ 이건뭐 ;;보쌈은  그렇다치고  막국수이건 뭔임???그냥 고추장에 먹는게 맛이라도날듯한데 그리고  족발  이거 재생한거 확생히아니죠 ??먹다가기분이묘해서 패기처분했는데요  아무리봐도 칼로 짤랐다기보다 그냥먹다남은거 대충찟어너은듯한비쥬얼 족발매니아 지만 이런건진짜 처음봅니다그기다가 비게따로 살코기따로 난장판이라그런지 맛도 두번안먹고싶은 그런맛  당분간  족발못먹을꼬같네요   감사~,[]
14,5,"['반반세트（마늘보쌈＋족발）小', '족발 변경(불족발（매운맛 2단계）로 변경)', '쟁반막국수']",마늘보쌈만 먹다가 세트로 시켜봤는데 불족발도 맛있네요. 막국수도 매콤하니 보쌈이랑 잘 맞아요. 불족발 매운맛 2단계로 했는데 매운맛 좋아하는데 막국수랑 먹으니 매웠어요. 매운맛 잘 못 드시는 분들 1단계가 좋을 듯해요. 엄마가 닭발 살인 줄 알정도로 불족발 너무 부드럽고 양념도 맛있어서 만족했어요. 사진은 먹다 대충 찍은거라 샐러드나 명이나물 등 잘 안나왔네요.,['https://rev-static.yogiyo.co.kr/426d92e7377f0e7e8c3472429cec55ba_tn.jpg']
15,5,[],마늘보쌈 맛있어요 급하게먹어서 사진은없네요,[]
16,5,['마늘족발'],처음주문했는데 성공이네여ㅋㅋㅋ마늘족발 한번도안먹어봐서 친구랑둘이먹으려고 주문햇는데 넘 맛있어서 싸울뻔ㅋㅋ이성을잃어서 사진은못찍구 이제리뷰생각나서 남겨요마늘보쌈이 별미네요 일반족발보단 마늘이 나은거같아요!,[]
17,5,[],배달은 생각보다 빠르고족발도 양이많아요매운거좋아하시는분은 불족이 딱인듯합니다요강추! 자주먹게될거같아요 ㅅㄱ요,['https://rev-static.yogiyo.co.kr/eae0a5a429f9b2ee81b03babfe4810da_tn.jpg']
18,5,['마늘족발'],도야는 쫀득하니 맛있다면 마약은 부드럽게 맛있네요막국수가 같이 안 와서 허전하긴 했지만 샐러드 고소하게 맛있었어요,[]
19,5,[],😍😍,[]
20,4,"['족발', '사이즈 선택(小)', '주먹밥', '쟁반막국수']",첫 배달음식으로 족발선택했는데 막국수도 생각보다 맛있었고 족발도 누린내그런거 없이 맛있게 잘 먹었어요.,[]
21,5,[],곡반에서 배달음식진짜자주먹는데 왠만한족발집 다시켜먹어봤는데 핵꿀맛이에요 진짜 맛있습니다 댓글알바아니고요 진짜 서비스로 주는 묵국도 맛있구요 그리구 메인족발 보쌈도 정말맛있습니다 냄새하나도안나구요 귀찮아서 리뷰작성 안하는데 맛있어서 리뷰남겨드리고싶더라구요 번창하세요 자주시켜먹겠습니다,[]
22,2,[],ㅇㅇ,[]
23,5,"['불족발', '사이즈 선택(小)', '쟁반막국수']","지금까지 거의10번 가까이 시켜먹은것같아요불족발과 마늘족발이 개인적으론 제일 마음에 들었고 매운단계는 2단계가 적절한거같아요 사이드메뉴도 마음에 무척들고 막국수가 촉촉한 상태로 온다는게 마음에 들어요 매탄본점보다 곡반점이 더 괜찮은것같아요 자주시켜먹을게오 번창하세요^,^",[]
24,5,"['족발반반세트', '족발 맛 선택(마늘 족', '직화 족발', '보쌈 맛 선택(마늘 보', '보쌈)', '주먹밥', '쟁반막국수']",사장님 여기서 시켜먹은게 한 5번 되나요?횟수는 얼마 안됐지만 오늘은 좀 그래서 리뷰남기네요사진 보이시죠? 조금 더 신경 써주세요하지만 맛있기에 별은 5개 박고 갑니다.사업 번창하세요,['https://rev-static.yogiyo.co.kr/e747b510fa55918b5bf567eac6f4312c_tn.jpg']
25,5,"['마늘보쌈 ', '쟁반막국수']",멀리서 시켰는데 빨리왔고 처음먹어보는데 맛있네요 ㅎㅎ,"['https://rev-static.yogiyo.co.kr/dd77811990ed302e948b6cb13cfbce0a_tn.jpg', 'https://rev-static.yogiyo.co.kr/4a0754daf1618359c248d4117b5a74ad_tn.jpg', 'https://rev-static.yogiyo.co.kr/eaecd1bbee084e3cc0030ccef59e236d_tn.jpg']"
26,3,"['족발반반세트', '불족발（매운맛 1단계）', '보쌈 맛 선택(마늘 보', '보쌈)', '주먹밥']","껍질 이외의 살코기는 정말 퍽퍽하지 그지 없어요. 뼈다귀인즐 알았는데 살코키 .,, 다만 뼈가 없어서 먹긴 편하고 주먹밥이 이렇게 맛없는 집은 처음입니다.,,,!!!!","['https://rev-static.yogiyo.co.kr/7580c9cd3b852baa6d31510ee06b9ef1_tn.jpg', 'https://rev-static.yogiyo.co.kr/55d7dff11a9f97fda3fcfc60f66e1edf_tn.jpg', 'https://rev-static.yogiyo.co.kr/b94da697cd68f9bad6cd75651eb6c90c_tn.jpg']"
27,5,['반반세트（마늘보쌈＋족발）中'],처음으로 시켜봤는데 정말 맛있네요마늘보쌈 막국수 정말 맛있어요 잘먹었습니다,['https://rev-static.yogiyo.co.kr/aac15ddbefd4767462ef33bec37345c0_tn.jpg']
28,3,['반반세트（보쌈＋족발）小'],맛도 괜찮고 집이랑 가까워서  족발먹을땐 여기서 시켜먹는데 이번엔 좀 아닌것 같아서요.. 사이드로 오는 야채도 좀 신경쓰셔야 할꺼 같네요,"['https://rev-static.yogiyo.co.kr/a1748ed437aa1475af8fb8f014afb438_tn.jpg', 'https://rev-static.yogiyo.co.kr/0f644e75f06be29f3ae7b35942af6142_tn.jpg']"
29,5,[],족발에 마늘소스 계란말이 주먹밥시켰습니다 포장깔끔 맛깔끔 배달 깔끔. 처음주문인데 인생족발찾았네요 맛있게 잘먹었습니다 굿굿 개꿀맛 ㅎㅎ,['https://rev-static.yogiyo.co.kr/3427c92022b3586ed6836b04d813505e_tn.jpg']
30,5,[],맛 서비스 다 만족합니다 할인도 받아서 좋았어요^^,[]
31,5,[],식감 냄새 구성품 모두 빠지는거 없이 맛있네요근래에 동네에서 먹은것중 제일 맛있는듯여기로 정착하려구요 맛있습니다^^다음에 상추좀 더주세용보쌈에 따뜻한 물 봉지 밑에 껴줘서 따뜻히 먹었구모든 용기에 호일껴주셔서 뒷처리도 굳,[]
32,5,[],맛있어요,[]
33,5,"['족발', '사이즈 선택(大)', '주먹밥', '쟁반막국수']",맛있어요,[]
34,5,[],맛있다요~인정,[]
35,4,"['마늘보쌈 ', '사이드메뉴 추가(비빔막국수)']",보쌈이 야들야들 냄새도안나고 맛났어요양도넉넉하고 좋았는데요청사항에 남겼던건 하나도 안해주셨네요ㅜ애기가자서 벨 누르지말아주십사 부탁드린건데ㅜ결국 막국수 다불은거먹었어요그래도 맛은있었지만 담엔 좀더신경써주심조을거같아 글남깁니다^^김치도좀만 넉넉히 부탁드려요~,"['https://rev-static.yogiyo.co.kr/3314228ad5e3d6a32cb4fbf2998f1aeb_tn.jpg', 'https://rev-static.yogiyo.co.kr/8414d9c98c578453c4eb53712b9e8c1a_tn.jpg']"
36,5,"['반반세트（마늘보쌈＋족발）小', '사이드메뉴 선택(주먹밥)']",맛있게 잘먹었습니다.,[]
37,4,"['마늘족발', '사이드메뉴 추가(주먹밥)']",배달이 생각보다 빨리도착하고 맛있었어요~,[]
38,5,[],치킨배달 1시간씩 걸리는데 마약족발은 30분도 안걸렸음. 매우  만족함.,[]
39,4,"['반반세트（보쌈＋족발）小', '사이드메뉴 선택(막국수)']",족발은 내입맛에 딱ㅋㅋ보쌈은 별로임ㅋ,[]
40,5,"['족발', '사이드메뉴 추가(비빔막국수)']",곡반에서 젤맛나는거같아요 그래서 서비스가많이없나봐요 쟁반국수도 따로시켜야하고 주먹밥은 진짜맛나네요,[]
41,4,"['보쌈', '사이드메뉴 추가(비빔막국수)']",맛있었어요고기가 식지 말라고 물핫팩 넣어 주신게참신했고 좋았어요,[]
42,5,"['마늘족발', '사이즈 선택(大', '사이드메뉴 추가(비빔막국수)']",정말 맛있어요. 마늘이 달달하네요^^,[]
43,5,"['반반세트（보쌈＋족발）中', '족발 변경(불족발（매운맛 1단계）로 변경', '사이드메뉴 선택(주먹밥)', '공기밥']",보쌈이랑불족발 반반시켰는데보쌈은 매번먹던곳이라 말이필요없엇구용족발은 첨시켜봤는데 맛있었어요!!,[]
44,4,"['족발', '사이드메뉴 추가(비빔막국수)']",맛있었어요보쌈도 족발도 모두 모두 맛있어요,[]
45,5,"['마늘보쌈 ', '사이드메뉴 추가(비빔막국수)']",완전맛있어요 배달도 빠르구요,[]
46,5,"['보쌈', '사이드메뉴 추가(주먹밥)']",어제두어김없이 이용했네요 사진은비록찍지못했지만 너무너무맛있습니다^^,[]
47,5,"['마늘족발', '사이드메뉴 추가(비빔막국수)']",반찬 많이 부탁드렸더니 많이주시는 쎈쓰!!ㅎㅎ항상 맛있어요 보쌈 자주 먹는데 오늘은 간만에 족발!!양도 많코 맛있습니다,"['https://rev-static.yogiyo.co.kr/fe0ef6adbfd54740042c675d13cbc656_tn.jpg', 'https://rev-static.yogiyo.co.kr/a4555e6edf4e6da3094b3a71db73e3b3_tn.jpg', 'https://rev-static.yogiyo.co.kr/4e7ab334b7c0accc5861fa17930e6e06_tn.jpg']"
48,5,"['반반세트（보쌈＋족발）小', '사이드메뉴 선택(막국수)']",배달도 빨랐고 맛도 좋았어요 둘이서 먹기엔 양도 많았구요~ 고기잡냄새도  안나고 수육은 느끼하지도 않고  제입맛엔 딱~이였습니다ㅋ번창하시길~,[]
49,3,"['족발', '사이드메뉴 추가(비빔막국수)']",맛 있 어 요 ㄷ ㄷ ㄷ,[]
50,5,"['마늘보쌈 ', '사이즈 선택(中', '사이드메뉴 추가(비빔막국수)']",기다려주시고 감사합니다 보쌈 잘먹었습니다 짱맛있어요,"['https://rev-static.yogiyo.co.kr/17b1085d737f96fa9a2bb73026dd2587_tn.jpg', 'https://rev-static.yogiyo.co.kr/9b5f408f74e2f2ccb09ac2e2c78a5d34_tn.jpg', 'https://rev-static.yogiyo.co.kr/f9f597194c5397451a213f195d7e5f14_tn.jpg']"
51,4,"['불족발', '사이즈 선택(中', '사이드메뉴 추가(비빔막국수)']",맛있어요 매운족발이랑막국수매콤하니술안주로좋네요 배달도빠르고 많이파세요또시켜먹을께요막국수는벌써다먹었어요 ㅎㅎ,"['https://rev-static.yogiyo.co.kr/ad282e8ff743e8583f0cd03e46c89942_tn.jpg', 'https://rev-static.yogiyo.co.kr/f2c141cd5afbaa00826d4cf1a6979cc6_tn.jpg']"
52,5,"['마늘보쌈 ', '사이드메뉴 추가(주먹밥)']",정말 맛있게 잘먹었습니다!! 서비스 주시고 감사해요,"['https://rev-static.yogiyo.co.kr/47099a49a5b504eb47b7eb18c4f937f3_tn.jpg', 'https://rev-static.yogiyo.co.kr/ca1843f260f670912df5c3b548146fa2_tn.jpg', 'https://rev-static.yogiyo.co.kr/bf3a2a6cceee111554c6b449af406b53_tn.jpg']"
53,5,"['족발반반세트', '족발', '사이드메뉴 선택(주먹밥)']",맛잇내요ㅎ,['https://rev-static.yogiyo.co.kr/0b2c9cc98fab25aea52d5d586991ce0c_tn.jpg']
54,5,"['마늘보쌈 ', '사이드메뉴 추가(비빔막국수)']",가게에서 많이먹어보았는데 첫배달이 너무만족이네여~~뜨거운 냄비받침도 서비스로 주시고 배달도 빠르고 맛잇고 자주먹을듯하네요^^ 이벤트 주먹밥감사합니다.,['https://rev-static.yogiyo.co.kr/599d1e637b4171ed540f486252807d1d_tn.jpg']
55,4,"['족발', '사이드메뉴 추가(비빔막국수)']",늘맛있게잘먹었어요^^,[]
56,5,"['불족발', '사이즈 선택(小', '사이드메뉴 추가(비빔막국수)']",적당히 맵고 고기도 질기지않고 맛있네요!!잘먹었습니다~,[]
57,5,"['마늘보쌈 ', '사이드메뉴 추가(비빔막국수)', '마약계란말이']","여기 너무맛있어요>_<!!마늘보쌈! 계란말이! 단골입니다-♡아가 키우고있어서 보쌈시켜서 가끔 같이 먹는데 아들이 고기달라고 와서 입을 아아아아❤️ 하네욬ㅋㅋ치킨보다는 어른들도 아이들도 영양만점 한끼식사로 뚝딱이요ㅋ 요맛에 배달시킵니다ㅋㅋ 카톡친구했더니 서비스도 주시고, 가끔 이벤트해서 좋음요-!","['https://rev-static.yogiyo.co.kr/a2c67d606b465192b47f06f561135c77_tn.jpg', 'https://rev-static.yogiyo.co.kr/92def047ae19125501888e80363d7891_tn.jpg']"
58,5,"['마늘보쌈 ', '사이즈 선택(小', '사이드메뉴 추가(비빔막국수)', '참이슬']",정말맛있게잘먹었어요 사진은못찍었지만,[]
59,5,"['마늘보쌈 ', '사이드메뉴 추가(비빔막국수)']",맛있어요^^담에 또시킬께요~~~,"['https://rev-static.yogiyo.co.kr/f819d9cb7227e90766f40b21106b8639_tn.jpg', 'https://rev-static.yogiyo.co.kr/54cd4cd0fe4a180ea3b90cc99822e1d5_tn.jpg']"
60,4,"['반반세트（마늘보쌈＋족발）小', '사이드메뉴 선택(막국수)', '주먹밥']",족발보쌈은  항상 이쪽으루 시키능데 맛있어요 ~,[]
61,3,"['직화족발 ', '사이드메뉴 추가(비빔막국수)']",날씨가 춥긴 하지만 족발이 너무 식고 굳어서 배달이 왔어요..,['https://rev-static.yogiyo.co.kr/5fb138162bb2898cafb2f75c96ed0078_tn.jpg']
62,4,"['족발', '사이드메뉴 추가(비빔막국수)']",맛있게 먹었습니다. 비빔국수 양념이 좀 덜매우면 좋겠어요.,['https://rev-static.yogiyo.co.kr/a9e98d8bccdeaf86876bc807f1c57314_tn.jpg']
63,5,"['보쌈반반세트', '불보쌈（매운맛 1단계）', '사이드메뉴 선택(막국수)']",제가 원래 마약 보쌈을 되게 좋아하는데 여기지점은 처음 시켜먹어보네요~ 와 받았는데 무거워서 깜짝놀랐어요 ㅋㅋㅋ진짜 너무맛있습니다 ㅠㅠ 반반시켰는데 ㅠㅠ 역시 마약보쌈은 불보쌈이랑 마늘보쌈이죠 ㅠㅠ 맛있게잘먹겠습니다❤❤,['https://rev-static.yogiyo.co.kr/0250c879b9eb90ee312c3daa31ff0734_tn.jpg']
64,5,"['족발', '사이드메뉴 추가(비빔막국수)']",생각보다빨리와서 정말감사하고또 감사합니다 맛있게잘먹어야지 ㅎㅎ,['https://rev-static.yogiyo.co.kr/4933c8026aea854fba67833eb942345f_tn.jpg']
65,5,"['족발', '사이드메뉴 추가(비빔막국수)', '콜라 1.25L']",전반적으로 맛있지만 특히 쟁반국수와 명이나물 맛잇습니다. 무는...개선이 필요할거같아요 ㅜㅜ 족발두 부들부들하고 좋았습니다,"['https://rev-static.yogiyo.co.kr/c06bc126d01db17a7d0f1665997d6cb4_tn.jpg', 'https://rev-static.yogiyo.co.kr/192349c397656581e1cd4f7de462dc00_tn.jpg']"
66,5,"['반반세트（보쌈＋족발）小', '족발 변경(불족발（매운맛 1단계）로 변경', '사이드메뉴 선택(주먹밥)']",ㄴㅂㄷㄴㅂㄷㄴㅂㄷㄴㄱ,[]
67,5,"['불족발', '사이즈 선택(小', '사이드메뉴 추가(주먹밥)']",항상 족발은 여기서만 먹습니다!늘 만족스러워요ㅎ,"['https://rev-static.yogiyo.co.kr/b3325c6ae34f2eb7db5ab953d4e57715_tn.jpg', 'https://rev-static.yogiyo.co.kr/06e37e87b8996b5b086965fa744f1aa4_tn.jpg']"
68,5,"['마늘보쌈 ', '사이드메뉴 추가(비빔막국수)']",짱맛있고 서비스로 주신 주먹밥도 잘먹었어욘,[]
69,5,"['족발반반세트', '불족발（매운맛 1단계）', '사이드메뉴 선택(막국수)']",배달도엄청빠르고서비스주먹밥도너무맛잇어용♡♡,['https://rev-static.yogiyo.co.kr/29f9667db2614715dc87d1a00a7c2ebb_tn.jpg']
70,1,"['족발', '사이드메뉴 추가(비빔막국수)']",7시20분에 주문했는데 8시 반이 되도 안와서 전화했더니 요기오에서 오류가 났단다!3~40분 걸린다하여 취소안했더니 50분이 지난 지금도 오질 않고있다ㅡㅡ벌써 두번째다!돈 많이 벌었나보네 ㅡㅡ,[]
71,5,"['반반세트（보쌈＋족발）小', '사이드메뉴 선택(막국수)']",항상맛나네요 막국수도많이주고,[]
72,5,"['족발', '사이드메뉴 추가(비빔막국수)']",맛나요~ 계속주문해서 먹네요!보쌈.족발 배달맛집은 무조건 마약보쌈족발만 주문하네요,[]
73,5,"['반반세트（보쌈＋족발）小', '족발 변경(직화 족발로 변경', '사이드메뉴 선택(막국수)']",너무맛있어요.짱이에요^---^,['https://rev-static.yogiyo.co.kr/c1962afed4d3c4134c001d483643efe2_tn.jpg']
74,5,"['보쌈', '사이드메뉴 추가(비빔막국수)']","보쌈.족발 맛있게먹으려고 항상 찾아가서 먹었는데마약보쌈을 알게된뒤부터 집에서 편하게 배달시켜먹네요늘~ 요기다가만 주문하는 보쌈,족발깔끔하고 맛있어용~~~",['https://rev-static.yogiyo.co.kr/88a3a1db3f5f8a3bcea907ddbe97df85_tn.jpg']
75,5,"['마늘보쌈 ', '사이드메뉴 추가(비빔막국수)', '참이슬']",역시 최고의맛이네요 굿입니다!,['https://rev-static.yogiyo.co.kr/554a5d2818484002af8fef17f3749be5_tn.jpg']
76,5,"['족발', '사이드메뉴 추가(주먹밥)']",아이들이  맛잇게  잘먹네요~   저 많은족발을  아이들과  다먹엇네요  ~주먹밥에  막국수까지 배달도 빠르고~ 족발은역시  마약족발이죠~,"['https://rev-static.yogiyo.co.kr/68424e92060bd233a0d12453d7d3bb50_tn.jpg', 'https://rev-static.yogiyo.co.kr/296d90adf50222c37bd4709a8a6a985a_tn.jpg']"
77,5,"['족발', '사이드메뉴 추가(주먹밥)']",처음 시켜먹어봐는데 양도많고 둘이 먹어도충분한 양이네요 맛은 당연지사 담백하고맛잇구요~^^,[]
78,5,"['족발', '사이즈 선택(小', '사이드메뉴 추가(비빔막국수)', '공기밥']",맛나요 주먹밥 행사서비스 감사합니다,['https://rev-static.yogiyo.co.kr/e6662ed178aaafa8671954066dc35866_tn.jpg']
79,4,"['족발', '사이드메뉴 추가(비빔막국수)']",굿굿!!!! 맛도 배송도빨라요~~고기도맛있고 막국수도 맛나요~~상추도많이주시고~배부르게 잘먹었습니다!!,['https://rev-static.yogiyo.co.kr/f6bb6f945ae125a18037eb28598fa056_tn.jpg']
80,5,"['족발', '사이드메뉴 추가(비빔막국수)']",양이 많아서 좋았다. 자주시켜먹을께요,[]
81,5,"['불족발', '사이즈 선택(中', '사이드메뉴 추가(비빔막국수)']",맛있어요 맛있어요 맛있어요,[]
82,5,"['보쌈', '사이즈 선택(中', '사이드메뉴 추가(비빔막국수)']",너무엄청맛있엉‥ㄹㄷ,[]
83,5,"['마늘보쌈 ', '사이드메뉴 추가(비빔막국수)']",맛있어요! 양이 조금 부족하긴해요,[]
84,5,"['보쌈', '사이드메뉴 추가(주먹밥)']",저번에 족발 맛잇게 먹엇는뎅 보쌈도 고소하게맛나네요~맛잇게 잘 먹엇습니다,[]
85,5,"['마늘보쌈 ', '사이즈 선택(中', '사이드메뉴 추가(비빔막국수)', '무뼈닭발']",항상시켜먹지만 맛있어요^^,[]
86,5,"['반반세트（보쌈＋족발）小', '사이드메뉴 선택(막국수)']",항상 맛나게 잘먹었는데 이번에는 족발양보고 좀놀랬어요 다른때랑 비교될만큼 조금 담에는 좀많이주세요,['https://rev-static.yogiyo.co.kr/134811a876adec4caf67e10c85503c23_tn.jpg']
87,5,"['족발', '사이드메뉴 추가(비빔막국수)']",다른곳은 비계만 많은데 여기는 살코기도 많고 맛도 맛있어서 자주 시켜먹습니다~!!  주먹밥 감사합니다♡,['https://rev-static.yogiyo.co.kr/5c9ce78e5630f326c318bd2ef5cf4f01_tn.jpg']
88,5,"['반반세트（보쌈＋족발）中', '사이드메뉴 선택(막국수)', '주먹밥']",족발보쌈 생각나면 시켜먹지요깔끔하니 잘나와요 보쌈도 식지말라구 센스포장ㅎㅎ맛도 만족~,[]
89,5,"['족발', '사이드메뉴 추가(비빔막국수)']",항상 변함없이 맛있는 집,[]
90,5,"['반반세트（보쌈＋족발）小', '사이드메뉴 선택(주먹밥)']",넘 푸짐하고 맛있어요 신나게 먹었어요 강추강추,['https://rev-static.yogiyo.co.kr/6553c7f007b214fca41483b684be1430_tn.jpg']
91,5,"['보쌈', '사이드메뉴 추가(주먹밥)']",넘맛있요 주먹밥은 아기도좋아해요,['https://rev-static.yogiyo.co.kr/6a9cd8a66b0ce2ec4df8da74d5986cad_tn.jpg']
92,5,"['불보쌈', '사이즈 선택(小', '사이드메뉴 추가(비빔막국수)']","양도많고,맛있게잘먹었습니다~^^또,시켜먹을게요~^^",['https://rev-static.yogiyo.co.kr/cb7489c6a180d4357fbb27b76eb3d754_tn.jpg']
93,5,"['마늘족발', '사이드메뉴 추가(비빔막국수)', '참이슬']",자주시켜먹는데  오늘은 콜라가 빠졌네요?,[]
94,5,"['족발반반세트', '족발 맛 선택(불족발（매운맛 1단계', '족발', '사이드메뉴 선택(막국수)']",빠른 배송과 변함없는 맛!!!,[]
95,4,"['마늘족발', '사이드메뉴 추가(주먹밥)']",족발이 비계붙은것이 별로없어서 아쉬웠어요...온리 살코기뿐ㅠㅠ,[]
96,5,"['불족발', '맛 선택(1단계（기본매운맛）', '사이즈 선택(中', '사이드메뉴 추가(비빔막국수)']",가족만 먹다 마족 먹어보니  이것도 맛있네요,[]
97,5,"['족발', '사이즈 선택(大', '사이드메뉴 추가(비빔막국수)']",양이 푸짐하네요 👍👍👍,['https://rev-static.yogiyo.co.kr/757641a8b030f0ab41db6492f0b4568f_tn.jpg']
98,5,"['족발반반세트', '족발 맛 선택(불족발（매운맛 1단계', '족발', '사이드메뉴 선택(막국수)']",너무너무 발먹네요 애들이,[]
99,5,"['족발반반세트', '불족발（매운맛 2단계）', '사이드메뉴 선택(막국수)']",족발을 엄청 좋아하는데여기 마늘족발은 마늘을 듬뿍! 불족발은 매콤! 해서진짜 맛있어요. ㅎㅎ 특히 명이나물~ 이거에 싸서 먹음 완전 굿.배달음식 치고는 퀄리티 굿이니 야식으로 족발이 땡길때여기 강력추천!! 3857,['https://rev-static.yogiyo.co.kr/29271be426b4d6c1b371642ab743cc70_tn.jpg']
100,5,"['마늘족발', '사이드메뉴 추가(주먹밥)']",마늘족발을 워낙 좋아하는데  ....이곳 곡반점 참 맛잇네요~  담에 또 시킬게여~~,[]
101,5,"['반반세트（보쌈＋족발）小', '사이드메뉴 선택(막국수)']",대박입니다 ㅋㅋ 맛잇고배달도빨라요 굿,['https://rev-static.yogiyo.co.kr/ddb19c0760a87cf7f5bad68ae9e20665_tn.jpg']
102,5,"['마늘보쌈 ', '사이드메뉴 추가(비빔막국수)']",양도 많고 맛있어용!  배달도 빨리오고 서비스로주신 주먹밥도 냠냠근데 개인적으로 가서먹는게 더맛있어요물론 배달해서 먹은것도 맛있어서 폭풍흡입했지만요😁,"['https://rev-static.yogiyo.co.kr/82932ad574f50a9263e191522aba81d6_tn.jpg', 'https://rev-static.yogiyo.co.kr/fdeedeb1fefd968cf464aab6d44f475d_tn.jpg', 'https://rev-static.yogiyo.co.kr/2521a3d48b6d6565d193da8bd312100b_tn.jpg']"
103,4,"['반반세트（보쌈＋족발）小', '사이드메뉴 선택(막국수)']",맛이있습니다~~^^,[]
104,5,"['반반세트（보쌈＋족발）小', '사이드메뉴 선택(막국수)']","보쌈+족발세트 주문해서 먹었습니다! 포장도 깔끔하고 위생적이에요, 소임에도 2명이 먹기엔 많았어요~ 보쌈밑에 뜨거운물을 포장해주셔서 고기도 따듯하게 배달되었고, 명이나물 사진을 못찍었는데 역시 고기는 명이나물이죠! 만족합니다bb","['https://rev-static.yogiyo.co.kr/7dd234cb07d1f59176a9b9fcd32a691f_tn.jpg', 'https://rev-static.yogiyo.co.kr/143814deb0ae049e04ee477f937534c3_tn.jpg', 'https://rev-static.yogiyo.co.kr/0f0c713185335ccddfd3c6eda704e34a_tn.jpg']"
105,5,"['불족발', '맛 선택(1단계（기본매운맛）', '사이즈 선택(小', '사이드메뉴 추가(비빔막국수)']",쫌만 둘 매웠으면 줗앗을텐데ㅜㅜㅜ 기본 맛인데 쫌 매워서 당황했어요 그래도 맛있더라구여,[]
106,5,"['반반세트（보쌈＋족발）中', '사이드메뉴 선택(막국수)']",맛있어요!! 반반잇어서 즇아요,[]
107,5,"['반반세트（보쌈＋족발）小', '족발 변경(선택 안함', '사이드메뉴 선택(막국수)']",우리 아이들이 더좋아하는 족발집!!!양 두 맛두 저에겐 맛집 입니다^^많이 파세요^^,[]
108,5,"['족발', '사이드메뉴 추가(비빔막국수)']",정말 푸짐합니다~ 저번에도 시켜먹고 맛있어서 또 시켜먹어요~~ 맛있게 잘먹겠습니다,['https://rev-static.yogiyo.co.kr/fa5adb17ad1ac34b8420edf91a4d5a0f_tn.jpg']
109,5,"['보쌈', '사이드메뉴 추가(비빔막국수)']",너무 맛있네요중짜 다 먹고 늦게 찍었습니다잘 먹었어요~~,['https://rev-static.yogiyo.co.kr/218f5b81759744ab60155ed6f0c3f5e1_tn.jpg']
110,5,"['마늘보쌈 ', '사이드메뉴 추가(비빔막국수)']",매번 시켜먹눈데 너무 맛있어요 고기도 부드럽고 감사합니다 배달짱빨리옴 ㅅㅅ 2820,['https://rev-static.yogiyo.co.kr/d6dd0374be1ae30978b17802b170ac1b_tn.jpg']
111,4,"['족발', '사이드메뉴 추가(비빔막국수)']",괜찮아요 막국수에 양념이 좀 더 있었음 좋겠어요,['https://rev-static.yogiyo.co.kr/df2d2a8f871ea2b6539c3a7dda2c5864_tn.jpg']
112,5,"['반반세트（보쌈＋족발）小', '사이드메뉴 선택(막국수)']",배달도 빠르고 고기도 따뜻해서 맛있었어요.잘 먹었습니다.,[]
113,5,"['족발반반세트', '직화 족발', '사이드메뉴 선택(주먹밥)']",오랜만에 시켜먹네요ㅋㅋ 여전히 여기가 맛있네요~^^오늘도 잘먹고 있습니다~!!!서비스로 주신 막국수도 맛있어요~,['https://rev-static.yogiyo.co.kr/c399c30b51ba4b7765d78983aff5c494_tn.jpg']
114,5,"['족발반반세트', '불족발（매운맛 2단계）', '사이드메뉴 선택(막국수)']",여기는 진짜 맛있는거 같아요~ 양도 푸짐하고~온식구가 아주 맛나게 잘 먹었어요^^특히 마늘족발~ 진짜 강추!!그리고 여기는 족발도 맛나지만 막국수가 진짜 존맛탱!리뷰남기면 막국수를 서비스로 주니 주문하시는 분들은 참고해주세요 ㅎㅎㅎ,"['https://rev-static.yogiyo.co.kr/bc70882dd8709af727891adf5fecaed0_tn.jpg', 'https://rev-static.yogiyo.co.kr/3020849dbba74ce2651bda41b54dbf1b_tn.jpg', 'https://rev-static.yogiyo.co.kr/fb30bcf8b2c77670651c4305d602f8db_tn.jpg']"
115,4,"['족발', '사이드메뉴 추가(비빔막국수)']",여기에서만 시켜먹어요 ㅋ,[]
116,5,"['마늘족발', '사이드메뉴 추가(비빔막국수)']",두번째 주문  ㅎ 오늘도 맛잇게 마니 먹엇네요~변치않는맛되길 바라며 ~또 뵈여,['https://rev-static.yogiyo.co.kr/bb0ce47f47756d4dac9a73f259a57bad_tn.jpg']
117,5,"['보쌈', '사이드메뉴 추가(비빔막국수)']",진짜 진짜 맛있어요 굿굿 배터지겠네..근래먹은 보쌈중 최고♡♡ 7328,['https://rev-static.yogiyo.co.kr/cfe4a8e2823a6264c226dfb47e239e26_tn.jpg']
118,5,"['불보쌈', '사이즈 선택(中', '사이드메뉴 추가(비빔막국수)']",항상 여기에서만 시켜먹습니다저번에 불족발 3단계가 생각보다 매워서이번에는 2단계로 주문했습니다~배달도 빠르고요~ 맛은 워낙 맛있어서 달리 표현할 단어가 없는거 같아요ㅎㅎ막국수 추가 주문에 리뷰이벤트참여로 주먹밥 까지~!!이런 좋은 이벤트 자주해주세요~^^,"['https://rev-static.yogiyo.co.kr/58d8f41b35a8df7394e780d04f78c9df_tn.jpg', 'https://rev-static.yogiyo.co.kr/afc321f2507046b1f31fcdfcfa13e588_tn.jpg']"
119,5,"['마늘보쌈 ', '사이드메뉴 추가(비빔막국수)']",음식 항상 정갈하게 보내주시고 제가 고기에 군내같은거에 예민한 편이네 유일하게 냄새 안나고 맛있게 먹을수 있는 보쌈집입니다! 비빔막국수도 면도 탱탱하니 너무 맛있어요!! 보쌈은 항상 여기서만 시켜먹겠습니다!,[]
120,5,"['족발', '사이드메뉴 추가(주먹밥)']",맛 끝내줍니다#마늘소스 안하려다 바꿨는데요여기 마늘소시 진리였습니다~너무 잘 먹었습니다.이제부터 족발은 마약족발입니다!!,['https://rev-static.yogiyo.co.kr/54a82de0df2b7aff61eab95c60a0adc6_tn.jpg']
121,4,"['마늘보쌈 ', '사이드메뉴 추가(주먹밥)']",전에 방문 포장했을때 너무 맛있게 먹어서 요기요 주문을 해서 먹었는데̄̈ 전에 먹었을때와 다르게 마늘소스인지 고기인지 잘 모르겠지만 살짝 시큼한 맛이̊̈ 나서 아쉬웠어요ㅠ̑̈,[]
122,4,"['반반세트（보쌈＋족발）小', '사이드메뉴 선택(막국수)']",맛있게 잘먹었습니다~~^^,[]
123,5,"['족발', '사이드메뉴 추가(주먹밥)']",맛있네요. 특히 살코기가 부드럽네요~~~~잘먹었습니다,['https://rev-static.yogiyo.co.kr/89e29d6a9a9c11b0d562f59a1b476918_tn.jpg']
124,5,"['족발', '사이드메뉴 추가(비빔막국수)']",오랫만에 시켜먹으니 꿀맛이에요~~폭풍흡입합니다!!,['https://rev-static.yogiyo.co.kr/95238010ca6c66704f235e07c408b6df_tn.jpg']
125,5,"['보쌈', '사이즈 선택(中', '사이드메뉴 추가(비빔막국수)', '쟁반막국수']",마늘보쌈시켰어야했는데 실수했어요ㅠ그래도 넘맛나도 배려보이는 포장까지!!,[]
126,5,"['직화족발 ', '사이드메뉴 추가(비빔막국수)']",오랜만에 주문했는데 맛있게 잘 먹었습니다,[]
127,5,"['마늘족발', '사이드메뉴 추가(비빔막국수)']",한번 마늘족발먹고는 여기서만 시켜먹어요.반반이 항상 많아서 마늘중자시켰는데 어른셋이 배터지게먹었네요~^^ 비빔막국수 빠뜨리셨는데 바로갔다주셨어요~^^,"['https://rev-static.yogiyo.co.kr/e376f9341cac8f979dcacf4c9a06ea88_tn.jpg', 'https://rev-static.yogiyo.co.kr/2a8c43e56c1a632e4de2c75cd621dc0f_tn.jpg']"
128,5,"['마늘보쌈 ', '사이드메뉴 추가(주먹밥)']",먹다가 생각났어요     고기양이  어마어마 하네요    무김치도  맛나고  고기도  맛있었어요     사이드 주문한 주먹밥양도  많고   막국수도  양이  많네요     포장도 깔끔하고  좋았어요,['https://rev-static.yogiyo.co.kr/ee48327706c72b42a99a7ad8d54581f8_tn.jpg']
129,5,"['반반세트（마늘보쌈＋족발）小', '사이드메뉴 선택(막국수)']",음식도따뜻하고 맛있어요!!양도많네요서비스 주먹밥 감사합니다,['https://rev-static.yogiyo.co.kr/0ff739fcd58eb2532f525c37a2590531_tn.jpg']
130,5,"['마늘족발', '사이드메뉴 추가(비빔막국수)']",족발 보쌈은 늘 이곳에서~~ㅎㅎ,[]
131,5,"['불보쌈', '맛 선택(1단계（기본매운맛）', '사이즈 선택(中', '사이드메뉴 추가(비빔막국수)', '공기밥']",불보쌈처음시켜봤는데 맛있더라구요!!!!,[]
132,5,"['보쌈', '사이드메뉴 추가(비빔막국수)']",배부르게맛있었어용~~^^,[]
133,5,"['보쌈', '사이드메뉴 추가(비빔막국수)']",👍👍👍👍👍👍👍👍👍,[]
134,5,"['보쌈', '사이즈 선택(大', '사이드메뉴 추가(비빔막국수)']",👍👍👍👍👍👍👍,[]
135,2,"['불족발', '맛 선택(2단계（맛있게매운맛）', '사이즈 선택(小', '사이드메뉴 추가(주먹밥)']",살코기 부분 좀 더 신경써주세요~비계 부분과 좀 차이나네요,[]
136,5,"['직화족발 ', '사이즈 선택(中', '사이드메뉴 추가(비빔막국수)']",너무 맛있는 직화구이 족발입니다~어제 먹고 다지 주문합니다.저희가족에겐 양이 좀모자라 오늘은 큰거 주문해요~그만큼 맛있었어요~오늘도  맛있게 부탁드려요~^^,[]
137,5,"['불족발', '사이즈 선택(中', '사이드메뉴 추가(비빔막국수)']",항상 맛있게 잘 먹고 있어요 서비스도 감사 합니다 ♡ 행복한 주말 저녁시간이 되었네요,['https://rev-static.yogiyo.co.kr/aee3c16fea03450823ecfd71d0876227_tn.jpg']
138,5,"['족발반반세트', '불족발（매운맛 1단계）', '사이드메뉴 선택(막국수)']",서비스 주먹밥짱이에요-!막국수도 맛있고 족발도 맛있은데 단점이 양이 조금..맛은 인정!,['https://rev-static.yogiyo.co.kr/a6337e2cb25ca489fcdc13897f0b7c86_tn.jpg']
139,5,"['족발', '사이드메뉴 추가(비빔막국수)']",마약보쌈족발에서 처음시켜먹어봤는데 정말 맛있었어요! 다음에 또 시켜먹을게요! 추천합니다:-),['https://rev-static.yogiyo.co.kr/4ddc9c26be368dbff010413508fd0ea2_tn.jpg']
140,5,"['반반세트（보쌈＋족발）大', '사이드메뉴 선택(막국수)']",맛있게 잘 먹었습니다쌈채소도 싱싱하고 좋네요,[]
141,5,"['마늘족발', '사이드메뉴 추가(비빔막국수)']",역시 깔끔하고 좋아여~굿즐거운 식사와 기분좋은 시간이되었네요~담엔마늘소스를 듬뿍 넣어주시면좋을듯해요~서비스도 최고♡,"['https://rev-static.yogiyo.co.kr/1927507bbff29bc8adebc3ea945d5770_tn.jpg', 'https://rev-static.yogiyo.co.kr/cd518d355eac4a524ef4477157aa69e5_tn.jpg']"
142,5,"['족발', '사이드메뉴 추가(비빔막국수)']",역시나 맛있습니다 존맛탱구리 !!!!,[]
143,5,"['마늘보쌈 ', '사이드메뉴 추가(비빔막국수)']",먹을때마다 느끼는거지만 맛있어요특히 막국수 다른 가게꺼는 겨자??들어간걸로주는데 여긴진짜 비빔막국수?암튼존맛ㅠㅠ,[]
144,5,"['반반세트（보쌈＋족발）小', '사이드메뉴 선택(주먹밥)', '쟁반막국수']",뼈 일일히 다발라져있네요ㅠㅠ너무 좋아여ㅠㅠ너무맛있고 배달도 45분 걸린다햇는데 25분걸렸네여 ㅎㅎ 중간중간 칼질이 덜되잇어서 젓가락으로 뜯기힘든거말곤 잘먹었어용,['https://rev-static.yogiyo.co.kr/18ef579ed85d6b06f5ee46352cdc3482_tn.jpg']
145,5,"['마늘보쌈 ', '사이드메뉴 추가(비빔막국수)']",생각보다 일찍오고 맛도좋아여,[]
146,2,"['마늘족발', '사이드메뉴 추가(비빔막국수)']",사장님 여기 족발 맛있어서 자주이용하는데 어제는 그부드러움이 부족했어요 ㅜ ㅜ남겨먹어도 맛있어서 일부러 양 많이했는데 고기도 싱겁고 부드럽지 않더라구요 ㅜ ㅜ부드러워서 애기도 잘먹었는데..다음엔 부드러운 고기를 기대하겠습니다막국수는 맛있었어요,[]
147,4,"['족발', '콜라 사이즈 변경 가능(콜라 1.25L로 변경', '사이드메뉴 추가(주먹밥)']",잡냄새도 안나고 맛있었어요~막국수도 맛있었답니다~담엔 주먹밥 시키지 말고 막국수 하나 더 시켜 먹을까해요~막국수 양이 좀 적어요~족발양도 그렇고ㅎㅎ사진을  찍었는데 사라졌네요~,[]
148,5,"['반반세트（보쌈＋족발）小', '사이드메뉴 선택(막국수)']",맛있습니당!! 좋은선택한듯해요!,[]
149,5,"['족발', '사이드메뉴 추가(비빔막국수)']",맛있어요ㄱㄱㅋ굿ㄹㄷ,[]
150,5,"['보쌈', '콜라 사이즈 변경 가능(콜라 1.25L로 변경', '사이드메뉴 추가(비빔막국수)', '주먹밥']","진짜 존맛탱ㅠㅠㅠㅠ,, 매일매일 이거랑 막국수 먹구싶댜막국수랑 결혼하고싶다ㅠㅠㅠㅠㅠ","['https://rev-static.yogiyo.co.kr/77d93e4a5850e6b9272deeab3eaf9ffc_tn.jpg', 'https://rev-static.yogiyo.co.kr/b6ed956cc727e48fb7e3a3f3e884cd0b_tn.jpg']"
151,5,"['보쌈', '콜라 사이즈 변경 가능(콜라 1.25L로 변경', '사이드메뉴 추가(비빔막국수)', '공기밥']",👍👍👍👍👍👍,[]
152,4,"['반반세트（보쌈＋족발）小', '사이드메뉴 선택(막국수)']",깔끔하구 맛있네요 추천해요^^,"['https://rev-static.yogiyo.co.kr/b0c087c276313649251f49a9fac83048_tn.jpg', 'https://rev-static.yogiyo.co.kr/9626ce9bdbdb360a5bd420f2f2a5b4da_tn.jpg']"
153,5,"['반반세트（마늘보쌈＋족발）小', '사이드메뉴 선택(막국수)']",마늘보쌈 정말 맛있어요~(1555),['https://rev-static.yogiyo.co.kr/272ee00b551590b36e892fc781b529db_tn.jpg']
154,5,"['족발', '콜라 사이즈 변경 가능(콜라 1.25L로 변경', '사이드메뉴 추가(비빔막국수)']",고기냄새도안나고 맛있어요,['https://rev-static.yogiyo.co.kr/774c7e99e6269c8e16dc48b7bd7bcc82_tn.jpg']
155,5,"['족발', '콜라 사이즈 변경 가능(콜라 1.25L로 변경', '사이드메뉴 추가(주먹밥)']",味道还不错，量也很大，不错,[]
156,5,"['반반세트（보쌈＋족발）小', '사이드메뉴 선택(막국수)']","이동네 족발/보쌈은 마약보쌈이 제일인 것 같아요♡고기는 잡내도 없고, 따듯하게 배달되고, 보쌈김치, 무말랭이, 명이나물도 맛있어서 고기맛을 더 좋게해요>_<양을 별4개한 건.. 보쌈이 맛있어서 더 먹고 싶을 정도라 부족하게 느껴졌기때문...입니다!사장님 리뷰서비스 주먹밥도 감사합니다♡ 맛있게 먹었어요! (근데 주먹밥 사진을 못 찍었네요ㅜ) _7139",['https://rev-static.yogiyo.co.kr/76042a8d9c33d971a95dfde224cd2b6c_tn.jpg']
157,5,"['족발', '사이드메뉴 추가(비빔막국수)', '콜라 1.25L']",너무맛있어요~^^0326,['https://rev-static.yogiyo.co.kr/517bef4453dba9db8b7d612011ccec41_tn.jpg']
158,2,"['보쌈', '사이드메뉴 추가(비빔막국수)', '주먹밥']",보쌈(중) 시켜봤습니다따듯하게 먹게 끔 포장을 잘해주셨네요전체적인 반찬이 달짝지근함보쌈 김치 제 개인적 취향에 안맞습니다마치 김장김치가 너무 익은맛고기는 누린내도 안나고 좋습니다양이 적어요 마늘소스가 곁들이지 않아 더 적어보입니다보쌈 첫번째 줄 먹고두번째 밑에 깔린 걸 보니..기분이 썩 좋진 않네요비계..지방이 절반입니다서비스로 온 막국수 맛 보통입니다추가로 더 시키지 않아 다행인듯한 그런 맛주먹밥도 먹을만 합니다구성좋고 포장 배달 훌륭합니다가성비는...글쎄요비계 잔뜩있는 보쌈은 선호하지 않습니다,"['https://rev-static.yogiyo.co.kr/de01b3ecef026b8ead8799db9cfbfa81_tn.jpg', 'https://rev-static.yogiyo.co.kr/ca671870d4ac7d13724fb56a12783447_tn.jpg']"
159,5,"['족발', '콜라 사이즈 변경 가능(콜라 1.25L로 변경', '사이드메뉴 추가(비빔막국수)']",맛나요~또 사진을 잊었네요ㅎㅎ막국수도 맛나요~,[]
160,5,"['족발반반세트', '족발', '사이드메뉴 선택(막국수)']",맛나당!!ㅎㅎㅎ꿀맛,[]
161,5,"['반반세트（마늘보쌈＋족발）中', '사이드메뉴 선택(막국수)']",무지 맛있고 재료들도 싱싱해요~ 리뷰 보고 주문했는데 진찌 기대이상이네요~~양도 푸짐합니다~~^^,[]
162,5,"['족발', '콜라 사이즈 변경 가능(콜라 1.25L로 변경', '사이드메뉴 추가(주먹밥)']",정신없이 먹느라 사진도 못찍었어요ㅜ,[]
163,5,"['족발', '사이드메뉴 추가(비빔막국수)', '콜라 1.25L', '공기밥']",참 맛있게 먹었어요,[]
164,5,"['반반세트（보쌈＋족발）小', '사이드메뉴 선택(막국수)']",맛있어용 전에 먹었던거 생각나서 또 시켜먹었습니당ㅎㅎ,['https://rev-static.yogiyo.co.kr/2c8a6c19fa39a533c76cb612646fbe68_tn.jpg']
165,5,"['보쌈', '콜라 사이즈 변경 가능(콜라 1.25L로 변경', '사이드메뉴 추가(비빔막국수)', '주먹밥']",언제먹어도 JMT...❤️진짜 매일 매일 먹고싶다 우리 동네에는 왜 없을까ㅜㅜ이거 먹으려고 남자친구 집 갑니다 하하하하하핳ㅎㅎ,['https://rev-static.yogiyo.co.kr/ab0f8cf333135a36fb37fd3d7184cde4_tn.jpg']
166,5,"['족발', '사이드메뉴 추가(비빔막국수)', '참이슬']",배달도 빠르고 막국수 양도 많고 맛잇게 잘먹엇습니다 번창하세요~~,[]
167,5,"['족발', '사이드메뉴 추가(비빔막국수)', '쟁반막국수', '무뼈닭발']",써비스도 아낌없이 주시고~감사합니다~^^보쌈도  맛있는데 족발도  역시 맛있네요~^,[]
168,5,"['족발', '사이드메뉴 추가(비빔막국수)']",너무너무 맛잇늠 족발이였어요 새벽에 이렇게 맛잇눈 족발을 먹을 수 잇어서 행복해요 족발 자주 먹는데 여기서 시켜 먹어야겟어요 너무 맛잇어서 집나간 저희 강아지가현관문열고 들어왓네요 콜라 사이즈업 감사해요,['https://rev-static.yogiyo.co.kr/8ca5fb54dfbb8f71be00c7358ae68245_tn.jpg']
169,4,"['반반세트（보쌈＋족발）小', '사이드메뉴 선택(막국수', '콜라 사이즈 변경 가능(콜라 1.25L로 변경)']",맛있게 잘먹었습니다~ ^^,[]
170,5,"['마늘보쌈 ', '사이드메뉴 추가(비빔막국수)']",아무생각없이 마늘족발시킨다는게마늘보쌈을 시킨거예요ㅋㅋㅋ양이적으면어쩌나했는데 배불러서 남김요ㅋㅋㅋ마늘보쌈중에 비빔국수.주먹밥어른3(남1.여2).그리고 아이하나까지배부르게먹었어요!♡배달도 빠름빠름.역시 이래서 단골안할수가없어욧,"['https://rev-static.yogiyo.co.kr/bf3dcafa14e44838d9207596e406f0ad_tn.jpg', 'https://rev-static.yogiyo.co.kr/c40a53f6ef73d09c4f39f2836d34faca_tn.jpg']"
171,5,"['마늘보쌈 ', '콜라 사이즈 변경 가능(콜라 1.25L로 변경', '사이드메뉴 추가(비빔막국수)']",후회안할양. 맛있음. 다만 배달비가 생김ㅠㅜ,[]
172,4,"['반반세트（보쌈＋족발）小', '사이드메뉴 선택(막국수)']",맛있네요 ㅎㅎㅎㅎㅎ,[]
173,5,"['보쌈반반세트', '보쌈', '사이드메뉴 선택(막국수)']",0713/ 보쌈 세트 진짜 너무 맛있게 잘먹었습니다!! 고기부터 사이드까지 어느하나 빠짐없이 맛있네요!! 특히 막국수 최고!!!!! 보쌈 단골집 찾은것 같아서 너무 좋네요!!  앞으로도 자주 주문하겠습니다~,['https://rev-static.yogiyo.co.kr/a7510147500e98e570de79d6696e55fc_tn.jpg']
174,5,"['족발', '사이드메뉴 추가(주먹밥)']","아주 맛있어요 족발뿐 아니라 주먹밥, 막국수도 전부 맛있네요👏🏻👏🏻",['https://rev-static.yogiyo.co.kr/f6916aff5f8ef16502e851780ceb444c_tn.jpg']
175,5,"['불족발', '맛 선택(2단계（맛있게매운맛）', '사이드메뉴 추가(비빔막국수)', '처음처럼']",맛나요 ㅅㅆ ㅎ ㅅㅅㅅㅅㅅ ㅅㅅ,[]
176,5,"['족발', '콜라 사이즈 변경 가능(콜라 1.25L로 변경', '사이드메뉴 추가(비빔막국수)', '주먹밥']",사진리뷰 남긴다고 막국수 추가로 하나 더 달라했는데 안와서 속상하지만!! 존맛탱이라서 참는중😤매일 보쌈만 먹다가 족발 먹었는데 마시따ㅠㅠㅠ배달도 40분 걸린다더니 20분만에 와서 집 앞에 두고 가라함ㅜ존1나게 맛있어요 꼭 드세요 많이 드세요ㅋㅋㅋ,['https://rev-static.yogiyo.co.kr/62689cbdba860f088d05fd16d604a204_tn.jpg']
177,4,"['반반세트（보쌈＋족발）小', '사이드메뉴 선택(주먹밥', '콜라 사이즈 변경 가능(콜라 1.25L로 변경)']",배달도 빠르고 맛도 있고 반찬도 잘 오는데 보쌈은별로였어요,[]
178,4,"['반반세트（마늘보쌈＋족발）小', '사이드메뉴 선택(막국수)', '주먹밥']",이번엔 족발보쌈  늘먹던양 구성 맛  잘와서 맛나게 먹엇어요 이앞에 처음으로 실망을해서  전화한번드렷어요   즉각 처리 감사햇어요,[]
179,4,"['반반세트（보쌈＋족발）大', '사이드메뉴 선택(막국수)']",족발이랑 보쌈 둘다 맛있었어요 고기 냄새도 안나고..막국수랑 주먹밥도 괜찮구요. 학원갔다 방금온 아들 지금 아주 맛나게 먹고 있어요 ㅎㅎ뒷번호 4698입니다,['https://rev-static.yogiyo.co.kr/64e10f5488703d9c56046e5458631ec0_tn.jpg']
180,5,"['반반세트（보쌈＋족발）中', '사이드메뉴 선택(주먹밥', '콜라 사이즈 변경 가능(콜라 1.25L로 변경)']",성인3명(여1남2)이서 족보세트 중+막국수 서비스까지배부르게 잘먹었습니다 :)가족들이 맛있다고 좋아해서 저도 기분 좋아요ㅋㅋ,"['https://rev-static.yogiyo.co.kr/fe680cbdeee32590928eeca99df4eade_tn.jpg', 'https://rev-static.yogiyo.co.kr/af1c2643acdee88f17959678a4b67a71_tn.jpg', 'https://rev-static.yogiyo.co.kr/0cba89291079ac0b8f79d068fb347c54_tn.jpg']"
181,5,"['족발', '콜라 사이즈 변경 가능(콜라 1.25L로 변경', '사이드메뉴 추가(비빔막국수)']",배달 빨리왔어요~~맛나네요~~맛나~~,['https://rev-static.yogiyo.co.kr/f4ad7692961fbdeefd0607575049fbed_tn.jpg']
182,5,"['보쌈', '사이드메뉴 추가(주먹밥)']",맛있습니다. 보쌈 먹고  싶을때 여기 고정,[]
183,5,"['족발', '콜라 사이즈 변경 가능(콜라 1.25L로 변경', '사이드메뉴 추가(비빔막국수)']",맛도 좋고 양도 많고 친절해요~가격도 착해요~^^,[]
184,5,"['족발', '콜라 사이즈 변경 가능(콜라 1.25L로 변경', '사이드메뉴 추가(비빔막국수)']",맛도 좋고 가격도 착해요~~,[]
185,5,"['족발', '사이드메뉴 추가(비빔막국수)']",이 집 족발만 먹어요~~ 이번에도 잘 먹었습니다!또 시켜먹을게요^^,[]
186,5,"['반반세트（보쌈＋족발）大', '사이드메뉴 선택(막국수', '콜라 사이즈 변경 가능(콜라 1.25L로 변경)', '쟁반막국수', '참이슬', '카스 병']",맛도 좋고 배달도 빨라요!,[]
187,5,"['반반세트（보쌈＋족발）小', '사이드메뉴 선택(막국수)']",맛잇게 잘 이용하고있습니다~,[]
188,5,"['반반세트（마늘보쌈＋족발）小', '사이드메뉴 선택(주먹밥', '콜라 사이즈 변경 가능(콜라 1.25L로 변경)']",배달도 빠르고 신선하고 맛있었어요,['https://rev-static.yogiyo.co.kr/e70d200b547a6c579e216dd5b51e5686_tn.jpg']
189,5,"['족발', '사이드메뉴 추가(비빔막국수)']",항상 시켜먹는곳이에요~넘맛있어용,[]
190,5,"['반반세트（마늘보쌈＋족발）大', '사이드메뉴 선택(막국수)']",족발이랑 마늘보쌈은 여기서밖에 못먹겠어요 입맛 상향평준화 시킨 맛집,[]
191,5,"['족발', '사이드메뉴 추가(비빔막국수)']",너무 존맛이라 사진을 못찍었네요 ㅠ다음번에 또 시키고 사진리뷰올려야지 ㅠㅠ,[]
192,5,"['족발', '사이드메뉴 추가(비빔막국수)']","맛, 양, 배달 모두 너무너무 만족스러웠어요4명(남2여2)이 족발 대자+비빔국수 먹었는데 충분히 먹을 정도의 양이었고, 느끼하거나 냄새가 나지 않고 담백해서 너무 좋았어요.줄곧 다른 유명 맛집에서 시켜먹었었눈데 이제 여기서 시켜먹어야겟네요!",[]
193,5,"['족발', '사이드메뉴 추가(비빔막국수)']",족발을 별로 안좋아하는데 여기는 너무 맛있어서 안남기고 싹 먹었어요~ 또 시켜먹을거예요!!!,['https://rev-static.yogiyo.co.kr/0a3df55ff3e94c8351e7ffcb66f425dc_tn.jpg']
194,5,"['보쌈', '콜라 사이즈 변경 가능(콜라 1.25L로 변경', '사이드메뉴 추가(비빔막국수)', '주먹밥']",오늘도 안왔어요.. 2번째 안온건데 울어도 되나요...?ㅠㅠ자꾸 안주면!!!!!!! 안시켜먹을꺼예여!!!!!!!! 흥!!!!!!!!!!!!!!그래도 맛있음!!!!!! 그래서 전화도 못함!!!! 흥!!!!!!,['https://rev-static.yogiyo.co.kr/d4fbd197ca8a207dc0a9b1e47856fa4d_tn.jpg']
195,5,"['족발', '콜라 사이즈 변경 가능(콜라 1.25L로 변경', '사이드메뉴 추가(비빔막국수)']",가족 성인 남3여1명이 먹었는데 너무 맛있었어요,['https://rev-static.yogiyo.co.kr/740adf9f1ce3641841ed3ae8a60a6d7d_tn.jpg']
196,5,"['보쌈', '사이드메뉴 추가(비빔막국수)']",포장도 나름 깔끔하고 맛도 괜찮네요,[]
197,5,"['족발', '사이드메뉴 추가(비빔막국수)']",이사와서 족발땡겨서 리뷰보고 시켰어요!!완~~~~~~~~~~전 양도많구요맛도있어요ㅋㅋ센스있게 비닐장갑도 넣어쥬셔서 쟁반국수 비볐어요ㅋ쟁반국수도 불지않았고 진짜만족❤너무맛있었어요 단골할께요ㅋㅋ,['https://rev-static.yogiyo.co.kr/55e4a41131cf71e656d05265936996bf_tn.jpg']
198,5,"['족발', '콜라 사이즈 변경 가능(콜라 1.25L로 변경', '사이드메뉴 추가(비빔막국수)']",양과 맛 두가지 모두 100점! (사진리뷰),"['https://rev-static.yogiyo.co.kr/6f2f2e01370b0c951d07b9f2d497c541_tn.jpg', 'https://rev-static.yogiyo.co.kr/9ea5eef7a3f336a5e568833e120e9ddd_tn.jpg']"
199,5,"['족발', '사이드메뉴 추가(비빔막국수)']",족발 막국수 주먹밥 찬까지 다 맛있네요~양도많고 배달도 빨랐어요,"['https://rev-static.yogiyo.co.kr/007079371630f593db441e06252dbc5f_tn.jpg', 'https://rev-static.yogiyo.co.kr/18d7fbc2dd6adbd4ca056bc4e900fd1d_tn.jpg']"
200,4,"['족발', '콜라 사이즈 변경 가능(콜라 1.25L로 변경', '사이드메뉴 추가(비빔막국수)']",다음날 오븐에 데워먹으니 전날보다 맛났심,[]
201,4,"['불족발', '맛 선택(1단계（기본매운맛）', '사이드메뉴 추가(비빔막국수)']",맵지 얺게 생겼는데 먹으면 먹을수록 매워지내요..,[]
202,5,"['반반세트（마늘보쌈＋족발）小', '사이드메뉴 선택(막국수)']",양도 많고 맛도 맛있고 역시 마약이야,[]
203,5,"['족발', '사이드메뉴 추가(비빔막국수)']",양푸짐 맛이 very good🤗🤗,['https://rev-static.yogiyo.co.kr/cb75258d65ffdc8997210765e90f38d7_tn.jpg']
204,5,"['숯불양념보쌈', '사이드메뉴 추가(주먹밥)', '처음처럼']",양도많고맛있네요ㅋㅋ,[]
205,5,"['반반세트（보쌈＋족발）中', '사이드메뉴 선택(막국수)']",배달도 빠르고 양도 많고맛있어요,[]
206,4,"['족발', '사이드메뉴 추가(비빔막국수)']",항상만족하는 족발집!!,[]
207,5,"['반반세트（보쌈＋족발）中', '사이드메뉴 선택(막국수)']",맛 양 배달 모두 좋았습니다,[]
208,5,"['마늘보쌈 ', '사이드메뉴 추가(비빔막국수)']",역시 믿고먹는마약보쌈 짱임더,[]
209,4,"['마늘족발', '사이드메뉴 추가(비빔막국수)']",맛있습니다 서비스감사합니다,['https://rev-static.yogiyo.co.kr/2dc9b0795a7f46e61c20a8a5dea0c591_tn.jpg']
210,5,"['반반세트（보쌈＋족발）小', '사이드메뉴 선택(막국수', '콜라 사이즈 변경 가능(콜라 1.25L로 변경)']",먹느라 사진을 못찍었네요서비스주셔도 사양안한다는 얘긴 무심히 넘기신거 맛있어서 봐드립니다맛있게 잘먹었고요 앞으론 족발은 마약입니다변함없는맛 기대할께요~,[]
211,5,"['족발', '사이드메뉴 추가(비빔막국수)']",배달시간 엄청 빠르고 고기 맛나요^^써비스로 주먹밥 맛있게 먹었습니다.,"['https://rev-static.yogiyo.co.kr/e40c7f01987cca24fc1ff30c11f92ae9_tn.jpg', 'https://rev-static.yogiyo.co.kr/a1cd84063b4248e7b73806b5ca59a0af_tn.jpg', 'https://rev-static.yogiyo.co.kr/7d1440d582f5976fe6bf27333194e464_tn.jpg']"
212,5,"['족발', '사이드메뉴 추가(비빔막국수)']",맛있어요..이제 족발집은 여기로..♡,[]
213,4,"['반반세트（보쌈＋족발）中', '사이드메뉴 선택(막국수)']",막국수은 뭔가 퍼진듯한 느낌이였어요 ㅠㅠ다음에는 소스랑 막국수 야채가 많이있었으면 좋겠습니당 ^^*,[]
214,5,"['반반세트（보쌈＋족발）小', '사이드메뉴 선택(막국수)']",맛있게 잘 먹었습니다!,"['https://rev-static.yogiyo.co.kr/66ebd14dcab84e5256eac686e06e1a7f_tn.jpg', 'https://rev-static.yogiyo.co.kr/bf44310ae051e8d67e0ddfdd3197bfe0_tn.jpg']"
215,5,"['직화족발 ', '콜라 사이즈 변경 가능(콜라 1.25L로 변경', '사이드메뉴 추가(주먹밥)']",항상 배달도 빠르고 맛있네요,[]
216,5,"['보쌈', '사이드메뉴 추가(비빔막국수)', '공기밥']",막국수도 맛있고 고기도 따뜻하게 유지되면서 도착했어여! 너무 맛있습니당!😊,['https://rev-static.yogiyo.co.kr/42797d715b7c815c675ff189a6562385_tn.jpg']
217,4,"['족발', '콜라 사이즈 변경 가능(콜라 1.25L로 변경', '사이드메뉴 추가(비빔막국수)']",맛잇오용~~~~~~,[]
218,5,"['반반세트（보쌈＋족발）小', '사이드메뉴 선택(막국수)']","보쌈,족발 다 정말 맛있었어요~",[]
219,5,"['마늘족발', '사이드메뉴 추가(비빔막국수)']",항상 맛있게 먹고있어요^^,['https://rev-static.yogiyo.co.kr/518bf4e076c3b56bc01808c89b26a978_tn.jpg']
220,4,"['반반세트（보쌈＋족발）小', '사이드메뉴 선택(주먹밥)']",맛있게 잘 먹었습니다. 사장님,[]
221,4,"['불족발', '맛 선택(3단계（눈물콧물찔끔 단계）', '사이드메뉴 추가(비빔막국수)']",매운맛 중+막국수를 먹었습니다.양이 많은사람이라 한번에 혼자 다먹으려 했으나많아서 남김.....이렇게 시키시면 남자둘 또는 여자남자 셋드시면 될꺼같네요매운맛 못드시면 2단계까지만 추천매운맛 잘드셔도 3단계 매움야채양 적은거같으나 딱 좋음신경써서 음식을 하는구나 라는 생각이 딱 들음제일 걱정했던게 조금 오래된걸 양념으로 나오는 경우가 있음 특히 조금 태워 나오는것들먹어 본결과 모르겠음-제육볶음집에서 일해본 경험있는 필자임그냥 맛있었음근데 좀 태운부분들이 많았음그래서 의심스러웠음또시킬의향있음 그냥 족발로,[]
222,4,"['보쌈반반세트', '보쌈', '사이드메뉴 선택(막국수)']",보쌈 밑에 뜨거운물 봉지넣어준 센스 짱이네요~ 맛도있어용^.^,['https://rev-static.yogiyo.co.kr/109601d7bfb392f194ff57db5e8c300a_tn.jpg']
223,5,"['반반세트（보쌈＋족발）中', '사이드메뉴 선택(막국수)']",맛있게잘먹었습니다~~~  맛있어요ㅎ배달도빨리왔어요,[]
224,3,"['반반세트（보쌈＋족발）小', '사이드메뉴 선택(막국수)']",오늘은 보쌈고기도 뻑뻑하고 족발도 그냥 그랬어요 ㅜㅜ 항상 여기서 시켜먹는데 오늘은 좀 아쉽네요,[]
225,5,"['족발', '사이드메뉴 추가(비빔막국수)']",추가 요청드린것두 전화주셔서 확인 한번 더해주시고 항상 시켜먹는곳입니다. 맜있어요^^,['https://rev-static.yogiyo.co.kr/881c03d14f648d03478b2af80eb0d6f2_tn.jpg']
226,5,"['마늘보쌈 ', '콜라 사이즈 변경 가능(콜라 1.25L로 변경', '사이드메뉴 추가(비빔막국수)']",항상 너무 맛있게 잘먹고 있습니다~~ 주신로또로 대박 나고싶어여ㅎ,[]
227,5,"['족발', '사이드메뉴 추가(비빔막국수)']",맛있게 잘먹엇슴돵~♡,[]
228,5,"['반반세트（보쌈＋족발）小', '사이드메뉴 선택(막국수', '콜라 사이즈 변경 가능(콜라 1.25L로 변경)']","전반적으로 맛,양,서비스 만족했습니다. 주먹밥도 맛있네요",[]
229,5,"['반반세트（보쌈＋족발）小', '사이드메뉴 선택(막국수)']",정말맛잇게먹엇어용ㅎㅎㅎ둘이서먹엇는데 양도많앗ㅇㅓ용,['https://rev-static.yogiyo.co.kr/f4cbe4f9d5e23aef808c0c82308da017_tn.jpg']
230,5,"['마늘족발', '사이드메뉴 추가(비빔막국수)']",족발은 마약족발이죠!!!,['https://rev-static.yogiyo.co.kr/249040196509ebd7d732555d9a31924d_tn.jpg']
231,4,"['반반세트（보쌈＋족발）小', '사이드메뉴 선택(막국수', '콜라 사이즈 변경 가능(콜라 1.25L로 변경)']",막국구가특히맛나네요,[]
232,5,"['족발', '사이드메뉴 추가(비빔막국수)']",주먹밥도 매번 맛있고 전반적으로 좋아요,[]
233,5,"['반반세트（보쌈＋족발）中', '사이드메뉴 선택(막국수)']",배달도 빠르고 양도 푸짐해서 4인 가족이 먹기에 좋아요 ^^,[]
234,4,"['불보쌈', '맛 선택(2단계（맛있게매운맛）', '사이드메뉴 추가(주먹밥)', '마약계란말이', '오돌뼈와주먹밥']",계란말이빼고는전부다 맛이좋았어요 괜춘하내융 ㅋㅋ,[]
235,5,"['족발', '사이드메뉴 추가(비빔막국수)']",부드러운 고기와 막국수는 진리죠~^^맛있게 잘 먹었습니다~,['https://rev-static.yogiyo.co.kr/bf9269ff757fe7ae4361cb32d8d72cc7_tn.jpg']
236,5,"['족발', '사이드메뉴 추가(비빔막국수)']",시켜먹어도 매장에서 먹는거 같이 맛있게 잘먹었습니다,[]
237,5,"['족발', '콜라 사이즈 변경 가능(콜라 1.25L로 변경', '사이드메뉴 추가(비빔막국수)']",배달 진짜 빨리왔어요 깔끔해서 맘에 들어요 잘먹겠습니다,['https://rev-static.yogiyo.co.kr/817e8ae206c8289fc9065d42d4c44c79_tn.jpg']
238,4,"['족발', '콜라 사이즈 변경 가능(콜라 1.25L로 변경', '사이드메뉴 추가(비빔막국수)']",잘 먹었습니다~~~~,[]
239,5,"['반반세트（마늘보쌈＋족발）中', '사이드메뉴 선택(막국수)', '주먹밥']",처음 시켜봤는데 비린내도 안나고 쫄깃하니 너무 맛있네요 ^^ 배달도 빠르고 맛없는게 하나도 없네요~,['https://rev-static.yogiyo.co.kr/cc675b472482649b2521434452d3bd24_tn.jpg']
240,5,"['마늘보쌈 ', '사이드메뉴 추가(주먹밥)']",고기 질도 좋고 마늘양념 맵지않고 새콤하고 좋아요 이집에서 한번 먹어본 이후로 족발보쌈은 항상 여기에서 먹어요 ㅋㅋ,[]
241,5,"['마늘보쌈 ', '콜라 사이즈 변경 가능(콜라 1.25L로 변경', '사이드메뉴 추가(비빔막국수)', '주먹밥', '마늘소스 추가']",언제나 늘 맛있게 먹어요^^,[]
242,5,"['족발', '사이드메뉴 추가(비빔막국수)']",배달빠르고 맛도 좋고 양도 많아요 특히 막국수가 제일맛있네요 ㅎ,[]
243,5,"['보쌈', '콜라 사이즈 변경 가능(콜라 1.25L로 변경', '사이드메뉴 추가(비빔막국수)']",보쌈 소는 양이 좀 적으니 참고하세요,[]
244,5,"['보쌈', '사이드메뉴 추가(비빔막국수)']",양을 보고 적다 생각하고 먹다보면 어느새 배부르네요 오돌뼈 부분을 잘 안먹는 점이 아쉬우면 아쉬운 점입니다. 이 부분도 요청시 가능한 건가요개인적으론 양이 적어지더라도 그게 좋을 것 같긴 합니다,[]
245,5,"['마늘보쌈 ', '사이드메뉴 추가(비빔막국수)', '주먹밥']",아주 좋습니다  ...,[]
246,5,"['반반세트（보쌈＋족발）中', '사이드메뉴 선택(막국수)']",맛있네요. 양도 많고요.,[]
247,5,"['보쌈', '사이드메뉴 추가(비빔막국수)']",맛있습니다족발도 시키러갑니다,[]
248,3,"['족발', '콜라 사이즈 변경 가능(콜라 1.25L로 변경', '사이드메뉴 추가(주먹밥)']",그러저럭 먹을만 하네요,[]
249,4,"['반반세트（보쌈＋족발）中', '사이드메뉴 선택(막국수)']",가격에비해 양은조금 적은듯해요 근데맛있어요,['https://rev-static.yogiyo.co.kr/0317dfec008cfed7423f87fbf289da42_tn.jpg']
250,5,"['반반세트（보쌈＋족발）小', '사이드메뉴 선택(막국수', '콜라 사이즈 변경 가능(콜라 1.25L로 변경)']",너무 맛있고 양도 굉장히 푸짐해요^^ 맛있게 잘 먹었습니다^^,"['https://rev-static.yogiyo.co.kr/95c0d66dcdb129219b47c7ed1aad3170_tn.jpg', 'https://rev-static.yogiyo.co.kr/00ee6d73d7f9f0451b2f40427547cfb5_tn.jpg', 'https://rev-static.yogiyo.co.kr/43396484ffdf5e67211cdaafe0ded100_tn.jpg']"
251,5,"['반반세트（보쌈＋족발）小', '사이드메뉴 선택(막국수)']",정말 맛있게 잘먹었습니다~,['https://rev-static.yogiyo.co.kr/39aea00c4363170b501dacfe01245788_tn.jpg']
252,5,"['마늘족발', '콜라 사이즈 변경 가능(콜라 1.25L로 변경', '사이드메뉴 추가(비빔막국수)']",세명이 중자 시켜 먹으니 배부르게 먹고 조금 남을 정도의 양이었어요마늘향이 나서 그런지 따뜻할때 먹어도 맛있고식어도 맛있네요,['https://rev-static.yogiyo.co.kr/8208408deea256edbff12e74c3c06063_tn.jpg']
253,5,"['불족발', '맛 선택(1단계（기본매운맛）', '사이드메뉴 추가(비빔막국수)']",넘마싯어여 족발두  맛나는데막국수정말마신어여,['https://rev-static.yogiyo.co.kr/d45b55ecdcf7d2c4bc63d8696a6fb923_tn.jpg']
254,5,"['족발', '사이드메뉴 추가(주먹밥)']",배달이 살짝 늦았지만 맛은 너무 좋았어요,[]
255,5,"['마늘보쌈 ', '사이드메뉴 추가(비빔막국수)']",와.. 양도 푸짐하고 진짜 맛있습니다 !!,['https://rev-static.yogiyo.co.kr/9bb7f907d354ff30e98f6631fbc5b03a_tn.jpg']
256,5,"['반반세트（보쌈＋족발）中', '사이드메뉴 선택(막국수)']",배달도 진짜 빠르고 양도 많고 족발밑에 따뜻한물까지 깔아서 주시는 센스ㅠㅠㅠ 진짜 감동입니다 맛있게 먹을게요!! 재주문 의사 5억% 입니다 번창하세요~^^,['https://rev-static.yogiyo.co.kr/c89b0667284c61092b0c1dcf71f5f453_tn.jpg']
257,4,"['보쌈', '콜라 사이즈 변경 가능(콜라 1.25L로 변경', '사이드메뉴 추가(주먹밥)', '공기밥']",생각보다는 잘먹었습니다,[]
258,5,"['족발', '콜라 사이즈 변경 가능(콜라 1.25L로 변경', '사이드메뉴 추가(비빔막국수)']",너무너무 맛나요 ~~~~~,[]
259,5,"['반반세트（보쌈＋족발）小', '사이드메뉴 선택(막국수)']",처음 시켜 봤는데 정말 맛있게 먹었습니다. 보쌈 식지 말라고 뜨거운 물받침 . 센스 짱~~,[]
260,5,"['반반세트（보쌈＋족발）中', '사이드메뉴 선택(막국수)']",빠르고 맛있게 잘 먹었어요,[]
261,5,"['족발', '사이드메뉴 추가(비빔막국수)']","배달 걸린다는 시간만큼 걸렸고, 족발과 막국수 맛있었습니다. 사진 먼저 찍었어야 했는데 너무 맛있게 먹는바람에 사진을 못찍었네요~^^;",[]
262,5,"['반반세트（보쌈＋족발）小', '사이드메뉴 선택(막국수)']",늘여기서만 시켜먹어용ㅎㅎ맛잇어용,['https://rev-static.yogiyo.co.kr/5fec31be973ca105051e7924a5745f41_tn.jpg']
263,5,"['불족발', '맛 선택(4단계（매우매운맛）', '사이드메뉴 추가(비빔막국수)', '공기밥']",맛있게 먹었어요 그런데 너무 매웠어요,[]
264,5,"['반반세트（보쌈＋족발）小', '사이드메뉴 선택(막국수)']",푸짐해요~서비스로 막국수하나더주셔서1인 1막국수 잘먹었어요^^두명이먹었는데 남았어요따뜻하게 보쌈밑에 보온물담아주셔서넘나맛나게잘먹었습니다또시켜먹을게용,['https://rev-static.yogiyo.co.kr/727cf0026923f3dead91987fc006106e_tn.jpg']
265,5,"['반반세트（보쌈＋족발）小', '사이드메뉴 선택(막국수', '콜라 사이즈 변경 가능(콜라 1.25L로 변경)']",정말 맛잇게 잘먹엇습니다 ㅎㅎㅎ 양도 많구 맛도 좋아요 애용할게요 ㅎ,"['https://rev-static.yogiyo.co.kr/d57a3abe2be4d67044dc9c0a6b7a8634_tn.jpg', 'https://rev-static.yogiyo.co.kr/3369600ad4273f92fcdffa796cf4e18f_tn.jpg', 'https://rev-static.yogiyo.co.kr/0c907d343a6e936122b9d177c56fbbc4_tn.jpg']"
266,5,"['족발반반세트', '불족발（매운맛 2단계）', '사이드메뉴 선택(막국수)']",배달시간돚정확히 요청한시간에 와주셨고 맛도 좋았습니다. 양이 생각보다 적네요ㅜㅜ하지만 재구매의사 있습니다.맛있게 잘먹었습니다.^^,['https://rev-static.yogiyo.co.kr/46d00c69c06412da07e471a250fff7bb_tn.jpg']
267,5,"['마늘족발', '사이드메뉴 추가(주먹밥)', '불보쌈', '맛 선택(2단계（맛있게매운맛）', '사이드메뉴 추가(비빔막국수)']",항상 느끼지만 여기 불보쌈이랑 마늘류는 미친거 같아요 5명이서 중중시켜서 배터지게 잘 먹었습니다.,['https://rev-static.yogiyo.co.kr/7315417eab6fb2d70189129dc6d9cd39_tn.jpg']
268,3,"['반반세트（보쌈＋족발）小', '사이드메뉴 선택(막국수)']",양이 좀 적었다..맛은 그냥 먹을만하다..,[]
269,5,"['마늘보쌈 ', '콜라 사이즈 변경 가능(콜라 1.25L로 변경', '사이드메뉴 추가(비빔막국수)']",너무 맛있고 좋습니다.보쌈밑에 따듯하게 대운 물 주머니 있어서 보싼 온도도 오래 지속되구요  비빔국수나 다른 밑반찬도 맛있습니다.양은 다른 보쌈집들보다 조금 많은것같아요정말 맛있게 잘 먹었습니다.p.s숯불양념보쌈은  안되는건가요?..세번 정도 주문시도했는데 다 취소당해서요,"['https://rev-static.yogiyo.co.kr/d4c1d050f2bff0d076a59783d227d5b9_tn.jpg', 'https://rev-static.yogiyo.co.kr/a795d8c64ab94ef0cab90b2b6f9504a6_tn.jpg', 'https://rev-static.yogiyo.co.kr/b64c44b84ddec57b7e92e51247cabf7c_tn.jpg']"
270,4,"['족발', '사이드메뉴 추가(비빔막국수)']",바로 집앞이라 가서 먹기도 하는 곳..믿고먹는 족발&막국수,[]
271,4,"['족발', '사이드메뉴 추가(비빔막국수)']",족발 거의 반은 통뼈라서 양이 부족했네요막국수 맛있었고요,[]
272,5,"['마늘족발', '사이드메뉴 추가(주먹밥)']",양도 많고 마늘도 듬뿍인 실한 족발이었어요.전 사실 족발을 못 먹어서 남편한테 시켜준건데 혼자 앉아서 뚝딱 다 먹었어요! 다시 주문할거에요.,[]
273,5,"['반반세트（마늘보쌈＋족발）大', '사이드메뉴 선택(막국수)']",족발계의 명품 일단시키고보자,[]
274,4,"['족발반반세트', '불족발（매운맛 2단계）', '사이드메뉴 선택(막국수)']",가까운곳이라 전화해놓고 찾아오는데 오늘은나가기힘들어서 주문해먹었어요 단계선택잘못했는지좀매콤했지만 맛잇어요,['https://rev-static.yogiyo.co.kr/3d60d812d7acccc31c5390ed03cf8090_tn.jpg']
275,5,"['족발', '사이드메뉴 추가(비빔막국수)', '마약계란말이']",쌈채소는 빼달라고 요청드렷는데편식하지말라구 챙겨주셧나봐요 ㅋㅋㅋ,[]
276,3,"['불족발', '맛 선택(2단계（맛있게매운맛）', '사이드메뉴 추가(비빔막국수)']","막국수는 맛있는데메인인 불족발은불맛 전혀없고맛있게 매운 2단계라더니맛도 , 맵기도한참 아쉽네요.댓글보고 한첫주문인데 기대보다 부족합니다.배달 하나는 빨랐습니다.",['https://rev-static.yogiyo.co.kr/026ee70e81c90ba8a892f672090813f8_tn.jpg']
277,4,"['반반세트（보쌈＋족발）小', '사이드메뉴 선택(막국수)']",맛있어요...잘 먹었습니다.,[]
278,5,"['반반세트（보쌈＋족발）大', '사이드메뉴 선택(막국수)']",정말 맛있게 먹었어요^^ 양도 푸짐하고요!! 덕분에 생일 행복 했어요~~~,[]
279,4,"['마늘보쌈 ', '사이드메뉴 추가(비빔막국수)']",저번에이어 또 주문했어요 ㅎㅎㅎ 잘먹었습니다!,[]
280,5,"['숯불양념보쌈', '콜라 사이즈 변경 가능(콜라 1.25L로 변경', '사이드메뉴 추가(비빔막국수)', '공기밥']",숯불양념보쌈 시켰는데 와 정말 맛있어요!막국수도 양도 많고 아주 좋아요!잘 먹고 또 시키겠습니다!,['https://rev-static.yogiyo.co.kr/d82c13de5cac3515fcf4b8a34535fac0_tn.jpg']
281,5,"['마늘보쌈 ', '콜라 사이즈 변경 가능(콜라 1.25L로 변경', '사이드메뉴 추가(비빔막국수)']",언제나 맛있어요!!!,[]
282,5,"['마늘보쌈 ', '콜라 사이즈 변경 가능(콜라 1.25L로 변경', '사이드메뉴 추가(비빔막국수)']",굿굿굿!!마늘이 매번 좀 모자르긴 하지만다음부턴 추가해서 먹어야 겠어요,[]
283,4,"['족발반반세트', '족발', '사이드메뉴 선택(막국수)']",정말맛나고좋아요 양도적당합니다,[]
284,5,"['마늘보쌈 ', '사이드메뉴 추가(비빔막국수)']",맛있게 잘먹었어요~^^가격대비 양이 너무 적어요,"['https://rev-static.yogiyo.co.kr/231904a11399177128523d386feeba5f_tn.jpg', 'https://rev-static.yogiyo.co.kr/1e8468850338d9c04d042329b2548989_tn.jpg']"
285,5,"['반반세트（보쌈＋족발）中', '사이드메뉴 선택(막국수)']",배달도 빠르고 양도 많고 맛있게 잘 먹었습니다~~다음에 또 주문하러 올게요^^,"['https://rev-static.yogiyo.co.kr/4b53f2a4db2e0eae9fe9ee80bde49cef_tn.jpg', 'https://rev-static.yogiyo.co.kr/519e4f3c893a5331e6aae63da654f78c_tn.jpg', 'https://rev-static.yogiyo.co.kr/db7320e102126d771cae52bc23da17da_tn.jpg']"
286,5,"['반반세트（보쌈＋족발）小', '사이드메뉴 선택(주먹밥)']","맛있게 잘먹었습니다. 배달도 빨랐고, 다 좋았습니다.",[]
287,5,"['불족발', '맛 선택(1단계（기본매운맛）', '사이드메뉴 추가(비빔막국수)']",맛있고 서비스로 주신 주먹밥 양이 어마어마해요~~,['https://rev-static.yogiyo.co.kr/69284427ae4951aa7432310030608cc5_tn.jpg']
288,5,"['마늘족발', '사이드메뉴 추가(비빔막국수)']",마늘족발 매장에서 먹고 두번째 먹는건데 맛있네요!!,['https://rev-static.yogiyo.co.kr/3675f2e3b95f2e32f0e39947735bd895_tn.jpg']
289,4,"['반반세트（보쌈＋족발）小', '사이드메뉴 선택(막국수)']","정신없이 먹다찍은사진!  따듯하게 보내주시려고 여러가지  노력해주신점 감동입니다! 야채랑 김치랑 다보내주시고,양도  적을줄알았는데  적당했어요...보쌈도,족발도 맛있었는데  족발이 살짝 껍질에 털이....암튼 감사히 먹었습니다 헤헤",['https://rev-static.yogiyo.co.kr/32a0badbcff090e90da67f752e453112_tn.jpg']
290,1,"['보쌈반반세트', '보쌈', '사이드메뉴 선택(막국수)', '공기밥']",보쌈 셋트가격이 너무 비싸요. 그리고 보쌈에서 돼지 냄새가...  쫌...  배달다 늦고. 막국수는 짜고 맵기만해요.,[]
291,5,"['족발', '사이드메뉴 추가(비빔막국수)']",너무 맛있게 잘먹었습니다냄새 안나고 부드럽고막국수도 넘 맛나요^^,['https://rev-static.yogiyo.co.kr/e76d166df5c421e9af46c08ac56ab84f_tn.jpg']
292,5,"['마늘족발', '사이드메뉴 추가(비빔막국수)', '처음처럼']",오랜만에 먹었는데 역시 맛있네요~^^,['https://rev-static.yogiyo.co.kr/b41edd30bc4667a0cc8754856fd03cd7_tn.jpg']
293,5,"['족발반반세트', '불족발（매운맛 2단계）', '사이드메뉴 선택(막국수', '콜라 사이즈 변경 가능(콜라 1.25L로 변경)']",진짜 너무 맛있어요 처음시켜봤는데 막국수부터 하다못해 상추까지 너무 맛있어요 또시켜먹을게요!!,[]
294,5,"['족발', '사이드메뉴 추가(주먹밥)']",우리 가족은 여기 족발만 먹어요.양도 많고 사장님께서 친절하시고 배달도 빨라요.잘 먹었읍니다.,[]
295,5,"['족발', '콜라 사이즈 변경 가능(콜라 1.25L로 변경', '사이드메뉴 추가(비빔막국수)']",진짜 맛있어요 양도많아요!! 앞으로 자주 이용할거같습니다. 족발은 깔끔한 맛에 막국수도 너무 시원하니 맛있습니다.!!,['https://rev-static.yogiyo.co.kr/66174d4820c29da0456c25571d84b4f5_tn.jpg']
296,5,"['보쌈', '사이드메뉴 추가(비빔막국수)']",보쌈대자랑 쟁반막국수 시켰어요^0^ 배달 진짜 빠르게 와서 따뜻한 보쌈 먹을수 있었구요 양도 푸짐하고 음식 하나하나가 다 맛있네요막국수 양념도 맛있고 고기도 냄새 하나도 안나요자주 시켜 먹겠습니다 번창하세요~!,"['https://rev-static.yogiyo.co.kr/82d1818a5049945f0bb9e4d8bb0a666c_tn.jpg', 'https://rev-static.yogiyo.co.kr/744a2d4b52060b04528b97366dd541dd_tn.jpg']"
297,5,"['보쌈', '콜라 사이즈 변경 가능(콜라 1.25L로 변경', '사이드메뉴 추가(비빔막국수)']",처음으로 시켜먹어보는데 맛도 맛있고 요청사항도 잘봐주셔서 감사합니다! 또 이용할게요ㅎㅎ,['https://rev-static.yogiyo.co.kr/513b1af5caa628c62e85c645824c2c63_tn.jpg']
298,5,"['반반세트（보쌈＋족발）中', '사이드메뉴 선택(주먹밥)', '마늘소스 추가', '참이슬']",마약족발은 여기가 최고네요.. 마약족발은 처은부터 여기서 시켜먹어서 몰랐는게 이쪽 저쪽에서 먹어보니 여기가 최고인듯 너무 맛있어요,[]
299,5,"['보쌈', '사이드메뉴 추가(비빔막국수)']",양도많고 너무맛있게 잘먹었습니다 단골될거같아요ㅎㅎ,['https://rev-static.yogiyo.co.kr/6ac289da71cd44dbbed6cf36825fbbe5_tn.jpg']
300,5,"['족발', '사이드메뉴 추가(비빔막국수)']",너무 맛있었어요^^깔끔하니 최고에요❤️,[]
301,5,"['족발', '사이드메뉴 추가(주먹밥)']",확실히 배달 빠르고요. 양  많고요. 맛 있습니다.,['https://rev-static.yogiyo.co.kr/f769a9d3b871c229d5ca308f05925a61_tn.jpg']
302,5,"['보쌈', '사이드메뉴 추가(비빔막국수)']",소짜라 시켯는데 양이 진짜 많고 맛있었습니다. 종종 시켜먹을께요,[]
303,5,"['마늘족발', '사이드메뉴 추가(주먹밥)']",마늘족발은 항상 진리입니당👍손님와서 다른음식이랑 주문하였는데막국수 완판이요.다들맛있다며🤣🤣🤣항상 잘먹고있어요~~~^^,['https://rev-static.yogiyo.co.kr/6d3c268cfa114607cf1d3d88b23a0c8f_tn.jpg']
304,4,"['직화족발 ', '사이드메뉴 추가(비빔막국수)', '무뼈닭발']",여기 마늘이랑 직화가 개꿀,[]
305,1,"['족발', '콜라 사이즈 변경 가능(콜라 1.25L로 변경', '사이드메뉴 추가(주먹밥)']",배달주소가 잘못되어있다고 배달료를 점주가아닌 배달기사가 이야기하는건문제가 있지않을까요.맞있는음식도 그런식으로하면 맞도없네요,[]
306,3,"['보쌈', '사이드메뉴 추가(주먹밥)']",평점이 높고 리뷰가 좋아 첫주문이었는데양이 많다던가 맛이뛰어나진 않았어요.,"['https://rev-static.yogiyo.co.kr/ce754482e5763c517e1a3156c58725ee_tn.jpg', 'https://rev-static.yogiyo.co.kr/7c22e25b495d5b9f533a8ed3267acf61_tn.jpg']"
307,5,"['보쌈', '콜라 사이즈 변경 가능(콜라 1.25L로 변경', '사이드메뉴 추가(주먹밥)', '주먹밥']",맛잏게 정말 잘 먹었습니다~^^,[]
308,5,"['반반세트（보쌈＋족발）小', '사이드메뉴 선택(막국수)']",맛있게 잘 먹었습니다,[]
309,5,"['족발', '사이드메뉴 추가(비빔막국수)']",항상 배달 빠르고요.양도 많이 주십니다.저희 아들이 여기 족발만 먹습니다.ㅋㅋ,[]
310,5,"['족발', '사이드메뉴 추가(비빔막국수)']",소짜인데도 둘이서 배불리먹기 딱이네요~,[]
311,4,"['불보쌈', '맛 선택(1단계（기본매운맛）', '사이드메뉴 추가(비빔막국수)', '마약계란말이']",오랜만에 시켰는데 여전히맛있네요 ㅎ 근데 대 시킨거치곤 양이 좀ㅠ  전보다 많이 적어진듯ㅠ 그래두 맛있으니깐 또 시킬께요ㅎ 계란말이 존맛,['https://rev-static.yogiyo.co.kr/2b3fb984b8a08ba6db76ed1f2beafc5e_tn.jpg']
312,5,"['족발', '콜라 사이즈 변경 가능(콜라 1.25L로 변경', '사이드메뉴 추가(비빔막국수)']","여기선 처음 시켜먹어보는데 진짜 존맛이에요ㅠㅠ 살면서 이렇게 맛있는 곳은 처음이라구요,, 어디있다 이제 나타난겨,,, 그리고 막국수 엄청 맛있어요 사실 제가 족발집으로 먹으러 가도 막국수는 거의 안먹는데 이케 맛있는 막국수 처음이에요,,, 단골될까봐 겁난다,,",['https://rev-static.yogiyo.co.kr/be0868ff0f28cac0507a5af0c56630b3_tn.jpg']
313,5,"['족발반반세트', '불족발（매운맛 2단계）', '사이드메뉴 선택(주먹밥)']",원래이런거 잘안쓰는데 너무맛잇어요!!!짱짱!!! 주먹밥도 양 많고 맛잇고!!!,[]
314,5,"['족발반반세트', '불족발（매운맛 2단계）', '사이드메뉴 선택(막국수)']",배민에서만 주문하다가 요기요로 처음 시켜봐요. 늘 잘 먹고있어요. 가족들도 다 여기가 제일 맛있다고 해요. 단지 어제 보내주신 쌈야채 상태가 너무 안 좋았어요. 이런적 없었는데 확인을 안하시고 보내셨는지못 못 먹게 물러버린게 몇 장 섞여있어서 좀 당황했어요.,"['https://rev-static.yogiyo.co.kr/eb6fed333e0eaf1b1736929625a8c023_tn.jpg', 'https://rev-static.yogiyo.co.kr/10bdf4ea0949c2e28b27a660ca189085_tn.jpg', 'https://rev-static.yogiyo.co.kr/bae697e8da130250d09a32fd0c46f463_tn.jpg']"
315,5,"['족발반반세트', '직화 족발', '사이드메뉴 선택(막국수)']",되게 맛있었어요 온 가족 모두 만족하며 먹었음!,['https://rev-static.yogiyo.co.kr/3117dfb2fdbe0c39f34be11c0b9394d3_tn.jpg']
316,5,"['반반세트（보쌈＋족발）中', '사이드메뉴 선택(막국수)']",양도 많고 너무 맛있어요! 막국수도 너무 맛있구요~ 리뷰서비스로 받은 주먹밥도 양도 많고 맛있네요!♡♡♡♡♡,"['https://rev-static.yogiyo.co.kr/9738313ec82e7d2a405eeeba5d636d45_tn.jpg', 'https://rev-static.yogiyo.co.kr/a5cf64a4dd3de0e29c1b41ccb00c4663_tn.jpg', 'https://rev-static.yogiyo.co.kr/0e5ba8f3ec747be3bb3d761cdc38d343_tn.jpg']"
317,5,"['족발', '콜라 사이즈 변경 가능(콜라 1.25L로 변경', '사이드메뉴 추가(비빔막국수)']",양도 많고 맛도 괜찮고 좋아요,[]
318,5,"['족발', '사이드메뉴 추가(비빔막국수)', '쟁반막국수']",오늘도 짱 맛있어요! 전에 먹었을때 막국수가 너무 맛있어서 2개 시켰는데 딱 양이 맞아요ㅎㅎ 족발에 막국수 말아먹으니까 정말 존맛 그 자체... 감사합니다 사장님...^^,['https://rev-static.yogiyo.co.kr/5a0afb982ecfd72b330eff9feab4a5da_tn.jpg']
319,5,"['보쌈', '사이드메뉴 추가(비빔막국수)', '참이슬']",막국수 양도많구 배달도 빠르고 ㅎㅎ,['https://rev-static.yogiyo.co.kr/3ffb16a2553ee4089709fb3835df3b0b_tn.jpg']
320,5,"['족발', '사이드메뉴 추가(비빔막국수)']",맛있게 잘 먹었습니다,[]
321,5,"['마늘족발', '콜라 사이즈 변경 가능(콜라 1.25L로 변경', '사이드메뉴 추가(비빔막국수)', '처음처럼']",강추합니다! 양도많고 양도양이지만 맛도 최고네요😋,[]
322,5,"['족발반반세트', '족발', '사이드메뉴 선택(막국수', '콜라 사이즈 변경 가능(콜라 1.25L로 변경)']",족발먹었는데 맛있고 배달도빨라서좋았습니다.!!,[]
323,5,"['족발', '사이드메뉴 추가(비빔막국수)']",맛있게 잘 먹었습니다,[]
324,5,"['족발', '사이드메뉴 추가(비빔막국수)']",포장해서 먹다 배달 처음했는데 야채도 듬뿍 넣어 주시고  너무 감사합니다너무 맛있게 잘먹었어요.,['https://rev-static.yogiyo.co.kr/1f5395f202935efaf88308f5a1b7cfde_tn.jpg']
325,5,"['족발반반세트', '불족발（매운맛 2단계）', '사이드메뉴 선택(막국수)']",늘 같은 메뉴를 주문하는데 이번엔 평소보다 양이 좀 적은것 같았어요ㅜㅜ 족발반반 4인가족이 먹어도 남아서 리뷰주먹밥은 먹지도 못하고 남겼었는데 처음으로 다 먹었어요... + 요청사항에 마늘 더 달라고 잘못적어서 편마늘 더 받았어요ㅠㅋㅋㅋ 마늘족발에 마늘 더 달라고 한 거였는데 다른 마늘은 생각지도 못했네요ㅋㅋㅋ,"['https://rev-static.yogiyo.co.kr/b42aebf678620854b316efd0215048ae_tn.jpg', 'https://rev-static.yogiyo.co.kr/2543670a1c5518d4da162497e2ffab01_tn.jpg']"
326,5,"['족발', '사이드메뉴 추가(비빔막국수)']",맛있어요~  막국수도 딱!!,[]
327,5,"['족발', '사이드메뉴 추가(비빔막국수)']",딱 먹고싶었던 야들야들한 족발이여서 매우 만족했습니다마약족발이라고해서 매운건줄 알았는데 마늘과 한약재 줄인말인거 처음 알았어요 다음에는 마약족발로 꼭 시켜먹어볼게요,[]
328,5,"['보쌈반반세트', '불보쌈（매운맛 1단계）', '사이드메뉴 선택(막국수)']",양도많고 보쌈너무 마싯엇당~ 막국수짱짱,[]
329,4,"['족발', '사이드메뉴 추가(주먹밥)']",배달은 빠른데 양이 좀 적은듯해요  ㅎ ㅎ,['https://rev-static.yogiyo.co.kr/99f7ab4f43a922bb2bca52443fc49b9a_tn.jpg']
330,5,"['보쌈', '콜라 사이즈 변경 가능(콜라 1.25L로 변경', '사이드메뉴 추가(비빔막국수)', '마늘소스 추가']",펭하-! 배달도 예정시간보다 빨리왔구 국수도 맛있어요!! 찬도 엄청 넉넉해서 부족함없이 먹었어요. 저번에 반반씩 시켰더니 소스만 추가하는 꿀팁알려주셔서 그렇게 주문했어요ㅎㅎ  역시 마약은 마늘보쌈 최고에요 3411,['https://rev-static.yogiyo.co.kr/0ba59be874c4f5805d2c8072cae6c805_tn.jpg']
331,4,"['마늘보쌈 ', '사이드메뉴 추가(비빔막국수)']",맛있었어요~! 다른메뉴도 먹어보고 싶네요,[]
332,5,"['반반세트（보쌈＋족발）小', '사이드메뉴 선택(막국수)']",맛있습니냐 굿이네욤ㅋ,['https://rev-static.yogiyo.co.kr/8598774643da32aad8bdd2a4689f1552_tn.jpg']
333,1,"['족발', '사이드메뉴 추가(비빔막국수)']",완전 고기상태가 기름만있고 별루입니다,[]
334,5,"['족발', '사이드메뉴 추가(비빔막국수)']",마약족발 자주시켜 먹어서 이제 쓸 말도 없내요.항상 아주 잘 먹고 있습니다.써비스도요. ㅋㅋ,[]
335,5,"['마늘보쌈 ', '사이드메뉴 추가(비빔막국수)']",너!무!맛있어용 짱 또시켜먹어야지,[]
336,5,"['반반세트（보쌈＋족발）小', '사이드메뉴 선택(막국수)']",맛나게 잘 먹었어요,"['https://rev-static.yogiyo.co.kr/40c2b4e657a6e426a2966a5cf86432b2_tn.jpg', 'https://rev-static.yogiyo.co.kr/b1b2745b54f5d226f3fada6d91ad2f70_tn.jpg', 'https://rev-static.yogiyo.co.kr/20844d2aba5c95ca48f2a2c346de5bca_tn.jpg']"
337,5,"['마늘족발', '사이드메뉴 추가(비빔막국수)']",너무 맛있게 잘 먹었습니다^^,"['https://rev-static.yogiyo.co.kr/140e1232c1df12ca8b8794cbddc7a0a6_tn.jpg', 'https://rev-static.yogiyo.co.kr/635fcce91eb6061d21fed8a4199023f3_tn.jpg']"
338,4,"['반반세트（보쌈＋족발）小', '사이드메뉴 선택(막국수)', '주먹밥']",처음 시켜봤는데 생각보다 양이 많네요. 특히 주먹밥.. 보쌈도 따스할때 오고 무엇보다 막국수가 맛있었습니다. 이것도 양이 많아 조금 남겼지만요. 잘 먹었습니다:),[]
339,5,"['불보쌈', '맛 선택(1단계（기본매운맛）', '사이드메뉴 추가(비빔막국수)']",항상 빠르게 배달해주셔서 감사해요 ㅎㅎ불보쌈&주먹밥&막국수 조합은 정말 대박이에여ㅜㅠㅠㅠ,['https://rev-static.yogiyo.co.kr/265e6c6b98458c54f01d0819e94a3d12_tn.jpg']
340,5,"['반반세트（보쌈＋족발）小', '사이드메뉴 선택(막국수)']",맛있어서 또 시켜먹어네요,[]
